Name,starName,controversial,orbitalPeriod,planetSemimajor,planetEarthRads,earthMass,stellarEffTemp,stellarRadius,distance
55 Cnc e,55 Cnc,0,0.7365437,0.01544,2.08,7.81,5234,0.94,12.5855
55 Cnc e,55 Cnc,0,0.736546,0.01583,2.173,8.37,5250,0.96,12.5855
55 Cnc e,55 Cnc,0,0.736539,0.01544,1.91,8.08,5250,0.96,12.5855
55 Cnc e,55 Cnc,0,0.7365474,0.01544,1.875,7.99,5172,0.94,12.5855
AU Mic b,AU Mic,0,8.463,0.0645,4.07,17,3700,0.75,9.7221
AU Mic c,AU Mic,0,18.859019,0.1101,3.24,13.6,3700,0.75,9.7221
BD+20 594 b,BD+20 594,0,41.6855,0.241,2.23,16.3,5766,0.93,179.461
COCONUTS-2 b,COCONUTS-2 A,0,402000000,7506,12.442,2002.31896,3406,0.39,10.8864
CoRoT-1 b,CoRoT-1,0,1.5089557,0.0261,16.589,359.1479,5950,1.14,787.909
CoRoT-1 b,CoRoT-1,0,1.5089682,0.02752,19.223,390.9309,6298,1.23,787.909
CoRoT-1 b,CoRoT-1,0,1.5089686,0.02536,17.385,327.3649,5950,1.13,787.909
CoRoT-10 b,CoRoT-10,0,13.2406,0.1055,10.87,874,5075,0.79,338.386
CoRoT-10 b,CoRoT-10,0,13.2406,0.1055,10.873,867.6759,5075,0.79,338.386
CoRoT-10 b,CoRoT-10,0,13.2406,0.106,10.548,883.5674,5075,0.74,338.386
CoRoT-11 b,CoRoT-11,0,2.994325,0.04407,16.029,832.7146,6440,1.37,655.037
CoRoT-11 b,CoRoT-11,0,2.99433,0.044,15.984,743.7222,6440,1.37,655.037
CoRoT-11 b,CoRoT-11,0,2.99433,0.0436,16.03,740.51,6440,1.37,655.037
CoRoT-12 b,CoRoT-12,0,2.828042,0.0394,15.132,281.91521,5675,1.05,1126.37
CoRoT-12 b,CoRoT-12,0,2.828042,0.04016,16.14,291.438,5675,1.12,1126.37
CoRoT-12 b,CoRoT-12,0,2.828042,0.04013,16.141,290.81445,5675,1.12,1126.37
CoRoT-13 b,CoRoT-13,0,4.03519,0.051,14.034,416.99296,5945,1.27,1148.93
CoRoT-13 b,CoRoT-13,0,4.03519,0.05107,9.92,423.03173,5945,1.01,1148.93
CoRoT-13 b,CoRoT-13,0,4.03519,0.051,9.92,415.704,5945,1.01,1148.93
CoRoT-14 b,CoRoT-14,0,1.51214,0.027,12.22,2415.4,6035,1.21,1744.6
CoRoT-14 b,CoRoT-14,0,1.51214,0.02687,11.411,2437.7561,6035,1.19,1744.6
CoRoT-14 b,CoRoT-14,0,1.51214,0.02691,12.218,2358.2986,6040,1.21,1744.6
CoRoT-16 b,CoRoT-16,0,5.35227,0.0618,13.115,168.13207,5650,1.19,732.409
CoRoT-16 b,CoRoT-16,0,5.35227,0.0618,13.11,170.032,5650,1.19,732.409
CoRoT-17 b,CoRoT-17,0,3.7681,0.0481,11.287,781.8618,5740,1.62,1176.12
CoRoT-17 b,CoRoT-17,0,3.7681,0.0481,11.433,765.9703,5740,1.59,1176.12
CoRoT-17 b,CoRoT-17,0,3.7681,0.0461,11.43,772.29,5740,1.59,1176.12
CoRoT-18 b,CoRoT-18,0,1.9000693,0.0286,14.022,1039.3041,5440,0.92,764.889
CoRoT-18 b,CoRoT-18,0,1.9000693,0.0295,14.68,1102.82,5440,1,764.889
CoRoT-18 b,CoRoT-18,0,1.9000693,0.0295,14.684,1099.6918,5440,1,764.889
CoRoT-19 b,CoRoT-19,0,3.89713,0.0518,14.46,352.78,6090,1.65,790.663
CoRoT-19 b,CoRoT-19,0,3.89713,0.0512,13.339,346.4347,6090,1.58,790.663
CoRoT-19 b,CoRoT-19,0,3.89713,0.05166,14.46,367.09365,6090,1.65,790.663
CoRoT-2 b,CoRoT-2,0,1.7429935,0.02798,16.432,1102.82,5625,0.91,213.283
CoRoT-2 b,CoRoT-2,0,1.74299673,0.0281,16.432,1048.839,5625,0.9,213.283
CoRoT-2 b,CoRoT-2,0,1.7429935,0.02835,16.365,1134.6531,5598,0.9,213.283
CoRoT-2 b,CoRoT-2,0,1.7429935,0.02854,16.477,1150.5446,5696,0.91,213.283
CoRoT-20 b,CoRoT-20,0,9.24285,0.0892,13.002,1608.2198,5880,1.34,844.061
CoRoT-20 b,CoRoT-20,0,9.24285,0.0902,9.42,1347.54,5880,1.02,844.061
CoRoT-20 b,CoRoT-20,0,9.24285,0.0901,9.416,1344.4209,5880,1.02,844.061
CoRoT-22 b,CoRoT-22,0,9.75598,0.092,4.88,12.2,5939,1.14,627.158
CoRoT-23 b,CoRoT-23,0,3.6313,0.04809,13.227,972.5598,5900,1.74,1060.97
CoRoT-23 b,CoRoT-23,0,3.6313,0.048,11.77,889.9,5900,1.61,1060.97
CoRoT-23 b,CoRoT-23,0,3.6313,0.0484,11.769,982.0947,5900,1.61,1060.97
CoRoT-24 b,CoRoT-24,0,5.1134,0.056,3.7,5.7,4950,0.86,591.555
CoRoT-24 c,CoRoT-24,0,11.759,0.098,5,28,4950,0.86,591.555
CoRoT-25 b,CoRoT-25,0,4.86069,0.05789,12.106,93.12419,6040,1.19,1103.48
CoRoT-25 b,CoRoT-25,0,4.86069,0.0578,12.11,85.81,6040,1.19,1103.48
CoRoT-26 b,CoRoT-26,0,4.20474,0.0525,14.123,184.3414,5590,1.79,1045.18
CoRoT-26 b,CoRoT-26,0,4.20474,0.0526,14.12,165.26,5590,1.79,1045.18
CoRoT-27 b,CoRoT-27,0,3.57532,0.0476,11.287,3302.11,5900,1.08,1010.28
CoRoT-27 b,CoRoT-27,0,3.57532,0.0467,11.287,3273.649,5900,1.08,1010.28
CoRoT-28 b,CoRoT-28,0,5.20851,0.0603,10.705,153.82972,5150,1.78,766.183
CoRoT-28 b,CoRoT-28,0,5.20851,0.059,10.705,152.87623,5150,1.78,766.183
CoRoT-29 b,CoRoT-29,0,2.85057,0.039,10.088,266.9772,5260,0.9,806.507
CoRoT-29 b,CoRoT-29,0,2.85057,0.0386,10.088,270.1555,5260,0.9,806.507
CoRoT-3 b,CoRoT-3,0,4.2567994,0.0574,11.321,6814.2752,6740,1.56,768.771
CoRoT-3 b,CoRoT-3,0,4.2567994,0.05783,11.624,6979.5468,6740,1.57,768.771
CoRoT-30 b,CoRoT-30,0,9.06005,0.0844,11.31,921.707,5650,0.91,1032.23
CoRoT-31 b,CoRoT-31,0,4.62941,0.0586,16.365,266.9772,5700,2.15,2005.76
CoRoT-4 b,CoRoT-4,0,9.20205,0.09,13.34,228.83,6190,1.17,726.412
CoRoT-4 b,CoRoT-4,0,9.20205,0.09025,13.339,223.43449,6190,1.17,726.412
CoRoT-4 b,CoRoT-4,0,9.20205,0.0912,13.002,232.33373,6190,1.15,726.412
CoRoT-5 b,CoRoT-5,0,4.0378962,0.04963,15.558,151.92274,6100,1.19,882.472
CoRoT-5 b,CoRoT-5,0,4.0378962,0.05004,13.249,149.3801,6100,1.05,882.472
CoRoT-5 b,CoRoT-5,0,4.0378962,0.04947,15.558,148.42,6100,1.19,882.472
CoRoT-6 b,CoRoT-6,0,8.886593,0.0855,13.283,940.7768,6090,1.04,645.294
CoRoT-6 b,CoRoT-6,0,8.886593,0.0854,13.07,937.5985,6090,1.02,645.294
CoRoT-6 b,CoRoT-6,0,8.886593,0.0855,13.068,940.74,6090,1.02,645.294
CoRoT-7 b,CoRoT-7,0,0.85359159,0.017016,1.585,5.74,5259,0.82,159.906
CoRoT-7 b,CoRoT-7,0,0.853585,0.0169,1.861,6.99226,5250,0.96,159.906
CoRoT-7 b,CoRoT-7,0,0.853585,0.0172,1.68,21,5275,0.87,159.906
CoRoT-8 b,CoRoT-8,0,6.21229,0.063,6.39,69.92,5080,0.77,322.037
CoRoT-8 b,CoRoT-8,0,6.21229,0.0633,7.981,68.65128,5080,0.9,322.037
CoRoT-8 b,CoRoT-8,0,6.212381,0.06339,6.389,69.28694,5080,0.77,322.037
CoRoT-9 b,CoRoT-9,0,95.2738,0.4027,11.624,262.52758,5625,0.94,412.98
CoRoT-9 b,CoRoT-9,0,95.2738,0.407,11.77,266.97,5625,0.94,412.98
CoRoT-9 b,CoRoT-9,0,95.272656,0.4021,11.949,266.9772,5625,0.96,412.98
CoRoT-9 b,CoRoT-9,0,95.272656,0.4029,11.949,268.88418,5625,0.96,412.98
CoRoTID 223977153 b,CoRoTID 223977153,0,6.71837,0.071,6.389,47.6745,5970,0.79,576.683
EPIC 211945201 b,EPIC 211945201,0,19.49213,0.148,6.12,27,6025,1.38,181.69
EPIC 220674823 b,EPIC 220674823,0,0.571336,0.01312,1.82,9,5496,0.95,244.59
EPIC 220674823 b,EPIC 220674823,0,0.571292,0.0116,1.52,8.36,5470,0.87,244.59
EPIC 220674823 c,EPIC 220674823,0,13.3387,0.1071,2.77,5.7,5496,0.95,244.59
EPIC 220674823 c,EPIC 220674823,0,13.3397,0.105,2.5,5.8,5470,0.87,244.59
EPIC 246851721 b,EPIC 246851721,0,6.180235,0.07229,11.781,953.49,6202,1.59,372.632
EPIC 248847494 b,EPIC 248847494,0,3650,4.5,12.442,4131.79,4898,2.7,551.886
EPIC 249893012 b,EPIC 249893012,0,3.5951,0.047,1.95,8.75,5430,1.71,321.296
EPIC 249893012 c,EPIC 249893012,0,15.624,0.13,3.67,14.67,5430,1.71,321.296
EPIC 249893012 d,EPIC 249893012,0,35.747,0.22,3.94,10.18,5430,1.71,321.296
GJ 1132 b,GJ 1132,0,1.628931,0.0153,1.13,1.66,3270,0.21,12.613
GJ 1214 b,GJ 1214,0,1.58040456,0.01411,2.847,6.26125,3026,0.22,14.6427
GJ 1214 b,GJ 1214,0,1.58040433,0.0149,2.742,8.17,3250,0.21,14.6427
GJ 1252 b,GJ 1252,0,0.5182349,0.00916,1.193,2.09,3458,0.39,20.373
GJ 143 b,GJ 143,0,35.61253,0.1915,2.61,22.7,4640,0.69,16.32
GJ 3470 b,GJ 3470,0,3.33714,0.0348,4.2,14,3600,0.5,29.4214
GJ 3470 b,GJ 3470,0,3.33665,0.03557,4.83,13.9,3600,0.57,29.4214
GJ 3470 b,GJ 3470,0,3.3366496,0.0355,4.57,13.9,3600,0.55,29.4214
GJ 3470 b,GJ 3470,0,3.3366487,0.031,3.88,13.73,3652,0.48,29.4214
GJ 3473 b,GJ 3473,0,1.1980035,0.01589,1.264,1.86,3347,0.36,27.3644
GJ 357 b,GJ 357,0,3.93072,0.035,1.217,1.84,3505,0.34,9.44181
GJ 367 b,GJ 367,0,0.321962,0.0071,0.718,0.546,3522,0.46,9.41263
GJ 3929 b,GJ 3929,0,2.6162745,0.02569,1.15,1.21,3369,0.32,15.8095
GJ 436 b,GJ 436,0,2.64389524,0.02887,4.091,23.42407,3500,0.45,9.75321
GJ 436 b,GJ 436,0,2.64385,0.02872,4.222,23.1688,3350,0.46,9.75321
GJ 436 b,GJ 436,0,2.64389803,0.0308,4.1,25.4,3416,0.46,9.75321
GJ 486 b,GJ 486,0,1.467119,0.01734,1.305,2.82,3340,0.33,8.07426
GJ 9827 b,GJ 9827,0,1.208966,0.0206,1.58,3.69,4219,0.62,29.661
GJ 9827 b,GJ 9827,0,1.2089819,0.0188,1.577,4.91,4340,0.6,29.661
GJ 9827 b,GJ 9827,0,1.2089802,0.01888,1.62,3.42,4269,0.61,29.661
GJ 9827 c,GJ 9827,0,3.64823,0.0429,1.24,1.45,4219,0.62,29.661
GJ 9827 c,GJ 9827,0,3.6480957,0.03925,1.241,0.84,4340,0.6,29.661
GJ 9827 c,GJ 9827,0,3.648083,0.03942,1.269,2.42,4269,0.61,29.661
GJ 9827 d,GJ 9827,0,6.201467,0.05615,2.07,5.2,4269,0.61,29.661
GJ 9827 d,GJ 9827,0,6.20142,0.0611,2.04,2.35,4219,0.62,29.661
GJ 9827 d,GJ 9827,0,6.2014698,0.05591,2.022,4.04,4340,0.6,29.661
GPX-1 b,GPX-1,0,1.744579,0.0338,16.477,6261.21962,7000,1.56,655.013
Gaia-1 b,Gaia-1,0,3.052524,0.04047,13.776,533.95172,5470,0.95,363.66
Gaia-2 b,Gaia-2,0,3.6915224,0.0467,14.818,259.66581,5720,1.06,209.229
HAT-P-1 b,HAT-P-1,0,4.46543,0.0553,13.922,169.08556,5975,1.14,158.979
HAT-P-1 b,HAT-P-1,0,4.4652934,0.05535,13.641,166.54292,5975,1.11,158.979
HAT-P-1 b,HAT-P-1,0,4.46529,0.0551,15.244,168.4499,5975,1.15,158.979
HAT-P-1 b,HAT-P-1,0,4.46529976,0.05561,14.785,166.86075,5980,1.17,158.979
HAT-P-1 b,HAT-P-1,0,4.46529976,0.0553,13.922,166.86075,5980,1.14,158.979
HAT-P-11 b,HAT-P-11,0,4.88781501,0.05259,4.45,26.69772,4780,0.69,37.7647
HAT-P-11 b,HAT-P-11,0,4.8878162,0.053,4.73,25.743,4780,0.75,37.7647
HAT-P-12 b,HAT-P-12,0,3.21305992,0.03767,10.301,63.88383,4665,0.68,142.751
HAT-P-12 b,HAT-P-12,0,3.2130598,0.0384,10.749,67.059,4650,0.7,142.751
HAT-P-12 b,HAT-P-12,0,3.21305929,0.03838,10.749,66.23577,4650,0.7,142.751
HAT-P-13 b,HAT-P-13,0,2.9162383,0.0427,14.359,280.64389,5653,1.56,246.81
HAT-P-13 b,HAT-P-13,0,2.91626,0.0427,14.359,271.098,5653,1.56,246.81
HAT-P-14 b,HAT-P-14,0,4.627669,0.0606,12.89,709.367,6600,1.47,222.663
HAT-P-14 b,HAT-P-14,0,4.6276691,0.06108,13.664,721.79193,6600,1.59,222.663
HAT-P-14 b,HAT-P-14,0,4.627649,0.0596,13.451,724.6524,6583,1.53,222.663
HAT-P-14 b,HAT-P-14,0,4.627682,0.06062,12.89,731.96249,6600,1.47,222.663
HAT-P-15 b,HAT-P-15,0,10.863502,0.0964,12.016,618.471,5568,1.08,192.516
HAT-P-15 b,HAT-P-15,0,10.863502,0.0965,12.016,619.45067,5568,1.08,192.516
HAT-P-16 b,HAT-P-16,0,2.7759712,0.04134,14.448,1341.56043,6158,1.24,226.637
HAT-P-16 b,HAT-P-16,0,2.77596,0.0413,14.448,1332.605,6158,1.24,226.637
HAT-P-17 b,HAT-P-17,0,10.338523,0.0882,11.321,169.71,5246,0.84,92.3831
HAT-P-17 b,HAT-P-17,0,10.338523,0.0882,11.321,170.67471,5246,0.84,92.3831
HAT-P-18 b,HAT-P-18,0,5.508023,0.0559,11.153,62.61,4803,0.75,161.4
HAT-P-18 b,HAT-P-18,0,5.508023,0.05596,11.153,63.566,4803,0.75,161.4
HAT-P-18 b,HAT-P-18,0,5.507978,0.0559,10.615,62.29468,4870,0.72,161.4
HAT-P-19 b,HAT-P-19,0,4.008778,0.0466,12.689,92.802,4990,0.82,202.078
HAT-P-19 b,HAT-P-19,0,4.008778,0.04664,12.689,90.26372,4990,0.82,202.078
HAT-P-2 b,HAT-P-2,0,5.63341,0.0677,11.007,2873.1832,6290,1.47,127.774
HAT-P-2 b,HAT-P-2,0,5.6334729,0.0674,13.339,2777.8342,6290,1.68,127.774
HAT-P-2 b,HAT-P-2,0,5.63332,0.0679,11.243,2771.4776,6290,1.51,127.774
HAT-P-2 b,HAT-P-2,0,5.6334754,0.0688,12.969,2765.121,6290,1.64,127.774
HAT-P-2 b,HAT-P-2,0,5.6334729,0.06878,12.969,2888.95,6290,1.64,127.774
HAT-P-20 b,HAT-P-20,0,2.8753186,0.03617,9.718,2310.6241,4595,0.69,71.0374
HAT-P-20 b,HAT-P-20,0,2.875317,0.0361,9.718,2302.899,4595,0.69,71.0374
HAT-P-20 b,HAT-P-20,0,2.87531694,0.03593,11.489,2294.7326,4595,0.68,71.0374
HAT-P-21 b,HAT-P-21,0,4.124481,0.0495,11.478,1261.7851,5588,1.1,277.278
HAT-P-21 b,HAT-P-21,0,4.124481,0.0494,11.478,1291.289,5588,1.1,277.278
HAT-P-22 b,HAT-P-22,0,3.21222,0.0414,12.106,682.352,5302,1.04,81.7647
HAT-P-22 b,HAT-P-22,0,3.21222,0.04142,12.106,690.32676,5302,1.04,81.7647
HAT-P-22 b,HAT-P-22,0,3.21223328,0.04171,11.882,696.68336,5314,1.06,81.7647
HAT-P-23 b,HAT-P-23,0,1.21288287,0.0232,15.334,626.1251,5905,1.2,364.813
HAT-P-23 b,HAT-P-23,0,1.21288287,0.02302,13.72,658,5885,1.09,364.813
HAT-P-23 b,HAT-P-23,0,1.212884,0.0232,15.334,664.237,5905,1.2,364.813
HAT-P-24 b,HAT-P-24,0,3.3552479,0.04651,13.922,229.79109,6373,1.32,415.344
HAT-P-24 b,HAT-P-24,0,3.35524,0.0465,13.922,217.704,6373,1.32,415.344
HAT-P-24 b,HAT-P-24,0,3.3552464,0.0465,14.751,217.71355,6373,1.32,415.344
HAT-P-25 b,HAT-P-25,0,3.652836,0.04659,13.339,180.20961,5500,0.96,300.384
HAT-P-25 b,HAT-P-25,0,3.65281514,0.0466,12.722,180.84527,5519,0.92,300.384
HAT-P-25 b,HAT-P-25,0,3.652836,0.0466,13.339,180.202,5500,0.96,300.384
HAT-P-26 b,HAT-P-26,0,4.234516,0.0479,6.333,18.751,5079,0.79,141.837
HAT-P-27 b,HAT-P-27,0,3.039577,0.04,11.43,197.05,5316,0.86,199.173
HAT-P-27 b,HAT-P-27,0,3.0395824,0.03998,11.433,195.78328,5190,0.87,199.173
HAT-P-27 b,HAT-P-27,0,3.039586,0.0403,11.635,209.759,5300,0.9,199.173
HAT-P-28 b,HAT-P-28,0,3.257215,0.04337,13.585,202.45771,5680,1.1,401.319
HAT-P-28 b,HAT-P-28,0,3.257215,0.0434,13.585,198.953,5680,1.1,401.319
HAT-P-29 b,HAT-P-29,0,5.723186,0.0667,12.408,247.261,6087,1.22,313.576
HAT-P-29 b,HAT-P-29,0,5.72339,0.0665,11.926,243.77561,6115,1.24,313.576
HAT-P-29 b,HAT-P-29,0,5.72339,0.06669,12.408,214.85308,6087,1.22,313.576
HAT-P-3 b,HAT-P-3,0,2.899736,0.03842,10.615,185.61272,5185,0.87,134.554
HAT-P-3 b,HAT-P-3,0,2.899703,0.03894,9.976,190.38017,5185,0.82,134.554
HAT-P-3 b,HAT-P-3,0,2.89973838,0.03878,10.211,189.10885,5190,0.85,134.554
HAT-P-3 b,HAT-P-3,0,2.899736,0.03866,9.27,187.83,5185,0.8,134.554
HAT-P-3 b,HAT-P-3,0,2.899736,0.03899,10.077,193.55847,5185,0.83,134.554
HAT-P-3 b,HAT-P-3,0,2.899703,0.03882,10.077,189.42668,5185,0.83,134.554
HAT-P-30 b,HAT-P-30,0,2.810595,0.0419,15.02,237.10118,6304,1.22,213.985
HAT-P-30 b,HAT-P-30,0,2.810595,0.0419,15.02,225.968,6304,1.22,213.985
HAT-P-31 b,HAT-P-31,0,5.005425,0.061,11.994,682.38101,6070,1.36,344.05
HAT-P-31 b,HAT-P-31,0,5.005425,0.055,11.99,689.98,6065,1.36,344.05
HAT-P-32 b,HAT-P-32,0,2.15000825,0.03427,20.053,238.3725,6207,1.22,289.205
HAT-P-32 b,HAT-P-32,0,2.150008,0.0343,20.053,273.322,6207,1.22,289.205
HAT-P-32 b,HAT-P-32,0,2.1500082,0.03397,22.194,216.1244,6001,1.37,289.205
HAT-P-33 b,HAT-P-33,0,3.474474,0.04995,18.898,209.7678,6446,1.64,396.11
HAT-P-33 b,HAT-P-33,0,3.474474,0.0499,18.898,242.176,6446,1.64,396.11
HAT-P-34 b,HAT-P-34,0,5.452654,0.06774,13.417,1058.3739,6442,1.53,249.325
HAT-P-34 b,HAT-P-34,0,5.452654,0.0677,13.417,1057.694,6442,1.53,249.325
HAT-P-35 b,HAT-P-35,0,3.646706,0.04978,14.93,335.62848,6096,1.44,506.965
HAT-P-35 b,HAT-P-35,0,3.646706,0.0498,14.93,334.979,6096,1.44,506.965
HAT-P-36 b,HAT-P-36,0,1.327347,0.02382,14.168,587.9855,5560,1.1,294.419
HAT-P-36 b,HAT-P-36,0,1.32734683,0.02388,14.617,588.62116,5620,1.04,294.419
HAT-P-36 b,HAT-P-36,0,1.32734683,0.0241,14.314,587.41341,5620,1.04,294.419
HAT-P-36 b,HAT-P-36,0,1.3273466,0.02402,15.211,611.82275,5560,1.11,294.419
HAT-P-36 b,HAT-P-36,0,1.327347,0.0238,14.168,582.24,5560,1.1,294.419
HAT-P-37 b,HAT-P-37,0,2.797436,0.03793,13.204,381.396,5500,0.88,390.594
HAT-P-37 b,HAT-P-37,0,2.797436,0.0379,13.204,371.528,5500,0.88,390.594
HAT-P-38 b,HAT-P-38,0,4.640382,0.05231,9.247,84.86061,5330,0.92,255.206
HAT-P-38 b,HAT-P-38,0,4.640382,0.0523,9.247,84.857,5330,0.92,255.206
HAT-P-39 b,HAT-P-39,0,3.54387,0.05095,17.609,180.84527,6430,1.62,697.004
HAT-P-39 b,HAT-P-39,0,3.54387,0.0509,17.609,190.372,6430,1.62,697.004
HAT-P-4 b,HAT-P-4,0,3.0565254,0.04449,14.28,206.90733,5860,1.6,320.451
HAT-P-4 b,HAT-P-4,0,3.056536,0.0446,14.235,216.1244,5860,1.59,320.451
HAT-P-4 b,HAT-P-4,0,3.0565195,0.04465,14.986,216.1244,5860,1.6,320.451
HAT-P-40 b,HAT-P-40,0,4.457243,0.06076,19.392,184.65923,6080,2.21,464.469
HAT-P-40 b,HAT-P-40,0,4.457243,0.0608,19.392,195.457,6080,2.21,464.469
HAT-P-41 b,HAT-P-41,0,2.694047,0.0426,18.887,254.253,6390,1.68,348.185
HAT-P-41 b,HAT-P-41,0,2.694047,0.04258,18.887,252.67485,6390,1.68,348.185
HAT-P-42 b,HAT-P-42,0,4.641878,0.0575,14.348,331.801,5743,1.53,405.238
HAT-P-42 b,HAT-P-42,0,4.641878,0.0575,14.348,279.6904,5743,1.53,405.238
HAT-P-43 b,HAT-P-43,0,3.332687,0.0443,14.359,210.395,5645,1.1,528.825
HAT-P-43 b,HAT-P-43,0,3.332687,0.04445,14.359,232.0159,5645,1.1,528.825
HAT-P-44 b,HAT-P-44,0,4.301219,0.0507,13.922,111.871,5295,0.95,347.85
HAT-P-45 b,HAT-P-45,0,3.128992,0.0452,15.984,283.492,6330,1.32,298.64
HAT-P-45 b,HAT-P-45,0,3.128992,0.04521,15.984,273.3338,6330,1.32,298.64
HAT-P-46 b,HAT-P-46,0,4.463129,0.0577,14.392,156.684,6120,1.4,290.736
HAT-P-49 b,HAT-P-49,0,2.691548,0.0438,15.838,549.823,6820,1.83,350.351
HAT-P-49 b,HAT-P-49,0,2.691548,0.04378,15.838,562.5591,6820,1.83,350.351
HAT-P-5 b,HAT-P-5,0,2.7884736,0.04073,14.056,324.1866,5960,1.17,303.336
HAT-P-5 b,HAT-P-5,0,2.788491,0.04075,14.12,336.89,5960,1.17,303.336
HAT-P-50 b,HAT-P-50,0,3.1220109,0.0453,14.437,429.0705,6280,1.7,515.458
HAT-P-50 b,HAT-P-50,0,3.1220109,0.04527,14.437,431.93097,6280,1.7,515.458
HAT-P-51 b,HAT-P-51,0,4.2180278,0.05069,14.493,98.20947,5449,1.04,440.089
HAT-P-51 b,HAT-P-51,0,4.2180278,0.05067,14.493,98.84513,5449,1.04,440.089
HAT-P-52 b,HAT-P-52,0,2.7535953,0.03696,11.31,259.66711,5131,0.89,361.155
HAT-P-52 b,HAT-P-52,0,2.7535953,0.03694,11.31,259.98494,5131,0.89,361.155
HAT-P-53 b,HAT-P-53,0,1.9616241,0.03159,14.773,471.65972,5956,1.21,666.802
HAT-P-53 b,HAT-P-53,0,1.9616241,0.0316,14.773,469.43491,5956,1.21,666.802
HAT-P-54 b,HAT-P-54,0,3.799847,0.04117,10.581,241.5508,4390,0.62,143.651
HAT-P-54 b,HAT-P-54,0,3.799847,0.04122,10.581,578.4506,4390,0.62,143.651
HAT-P-55 b,HAT-P-55,0,3.5852467,0.04604,13.249,184.97706,5808,1.01,511.388
HAT-P-55 b,HAT-P-55,0,3.5852467,0.04604,13.249,184.3414,5808,1.01,511.388
HAT-P-56 b,HAT-P-56,0,2.7908327,0.04232,16.432,603.877,6566,1.43,320.639
HAT-P-56 b,HAT-P-56,0,2.7908327,0.0423,16.432,692.8694,6566,1.43,320.639
HAT-P-57 b,HAT-P-57,0,2.465295,0.0406,15.838,587.9855,7500,1.5,279.86
HAT-P-58 b,HAT-P-58,0,4.0138379,0.04994,14.93,118.23217,6078,1.53,515.59
HAT-P-59 b,HAT-P-59,0,4.1419771,0.05064,12.588,489.45575,5678,1.1,265.471
HAT-P-6 b,HAT-P-6,0,3.853003,0.05244,15.637,337.85329,6570,1.52,275.358
HAT-P-6 b,HAT-P-6,0,3.853003,0.05239,14.908,351.51998,6570,1.46,275.358
HAT-P-6 b,HAT-P-6,0,3.852985,0.05235,14.908,335.932,6570,1.46,275.358
HAT-P-6 b,HAT-P-6,0,3.852985,0.05237,14.908,336.58197,6570,1.46,275.358
HAT-P-60 b,HAT-P-60,0,4.7947813,0.06277,18.282,182.43351,6212,2.2,233.22
HAT-P-61 b,HAT-P-61,0,1.90231289,0.0301,10.077,335.94463,5587,0.94,338.84
HAT-P-62 b,HAT-P-62,0,2.6453235,0.03772,12.027,241.86742,5629,1.17,348.815
HAT-P-63 b,HAT-P-63,0,3.377728,0.04294,12.543,195.14664,5400,0.97,4483.05
HAT-P-64 b,HAT-P-64,0,4.007232,0.05387,19.089,184.34048,6457,1.74,651.897
HAT-P-65 b,HAT-P-65,0,2.6054552,0.03951,21.185,167.49641,5835,1.86,738.519
HAT-P-66 b,HAT-P-66,0,2.972086,0.04363,17.822,248.86089,6002,1.88,935.456
HAT-P-67 b,HAT-P-67,0,4.8101025,0.06505,23.371,108.0622,6406,2.55,371.686
HAT-P-68 b,HAT-P-68,0,2.29840551,0.02996,12.016,230.10892,4508,0.67,202.152
HAT-P-69 b,HAT-P-69,0,4.7869491,0.06555,18.786,1137.8314,7394,1.93,341.263
HAT-P-7 b,HAT-P-7,0,2.204737,0.0377,15.043,564.442,6532.23,1.99,341.079
HAT-P-7 b,HAT-P-7,0,2.2047372,0.03676,16.713,534.59006,6441,1.84,341.079
HAT-P-7 b,HAT-P-7,0,2.204737,0.03813,16.926,574.00098,6350,2,341.079
HAT-P-7 b,HAT-P-7,0,2.2047354,0.0355,15.906,566.05523,6350,1.84,341.079
HAT-P-7 b,HAT-P-7,0,2.2047304,0.03805,16.421,571.77617,6350,1.96,341.079
HAT-P-70 b,HAT-P-70,0,2.74432452,0.04739,20.961,2154.8874,8450,1.86,330.739
HAT-P-8 b,HAT-P-8,0,3.0763776,0.0487,16.81,483.08,6200,1.58,211.553
HAT-P-8 b,HAT-P-8,0,3.0763458,0.04496,16.814,430.34182,6200,1.58,211.553
HAT-P-9 b,HAT-P-9,0,3.92281072,0.05287,15.614,238.05467,6350,1.34,455.203
HAT-P-9 b,HAT-P-9,0,3.922814,0.0529,15.468,247.27174,6350,1.34,455.203
HAT-P-9 b,HAT-P-9,0,3.922814,0.0529,15.693,241.86863,6350,1.32,455.203
HAT-P-9 b,HAT-P-9,0,3.92289,0.053,15.69,247.9,6350,1.32,455.203
HATS-1 b,HATS-1,0,3.446459,0.04446,14.594,556.2025,5870,1.04,283.971
HATS-1 b,HATS-1,0,3.446459,0.0444,14.594,589.55,5870,1.04,283.971
HATS-10 b,HATS-10,0,3.312846,0.04493,10.862,185.93055,5880,1.1,534.889
HATS-10 b,HATS-10,0,3.312846,0.04491,10.862,167.17858,5880,1.1,534.889
HATS-11 b,HATS-11,0,3.6191613,0.04614,16.926,270.1555,6060,1.44,944.603
HATS-12 b,HATS-12,0,3.142833,0.04795,15.132,756.4354,6408,2.21,746.138
HATS-13 b,HATS-13,0,3.0440499,0.04059,13.585,188.15536,5523,0.89,421.855
HATS-13 b,HATS-13,0,3.0440499,0.04057,13.585,172.58169,5523,0.89,421.855
HATS-14 b,HATS-14,0,2.7667641,0.03815,11.646,339.76027,5346,0.93,513.011
HATS-14 b,HATS-14,0,2.7667641,0.03815,11.646,340.39593,5346,0.93,513.011
HATS-15 b,HATS-15,0,1.74748753,0.02712,12.386,689.6911,5311,0.92,1139.55
HATS-16 b,HATS-16,0,2.686502,0.03744,14.572,1039.3041,5738,1.24,757.044
HATS-17 b,HATS-17,0,16.254611,0.1308,8.709,425.25654,5846,1.09,400.331
HATS-18 b,HATS-18,0,0.8378434,0.01761,14.986,629.3034,5600,1.02,624.368
HATS-18 b,HATS-18,0,0.83784,0.0174,14.897,629.14449,5600,1.02,624.368
HATS-2 b,HATS-2,0,1.354133,0.02298,13.092,486.2799,5227,0.9,341.925
HATS-2 b,HATS-2,0,1.354133,0.023,13.092,427.463,5227,0.9,341.925
HATS-22 b,HATS-22,0,4.7228124,0.05025,10.682,870.8542,4803,0.69,229.518
HATS-23 b,HATS-23,0,2.1605156,0.03397,20.849,467.2101,5780,1.2,639.004
HATS-24 b,HATS-24,0,1.3484954,0.02547,16.668,775.5052,6346,1.17,494.182
HATS-24 b,HATS-24,0,1.3484978,0.0238,15.637,718.2958,6125,1.12,494.182
HATS-25 b,HATS-25,0,4.2986432,0.05163,14.123,194.82979,5715,1.11,471.158
HATS-26 b,HATS-26,0,3.3023881,0.04735,19.616,206.5895,6071,2.04,861.843
HATS-27 b,HATS-27,0,4.637038,0.0611,16.814,168.4499,6438,1.74,816.988
HATS-28 b,HATS-28,0,3.1810781,0.04131,13.384,213.58176,5498,0.92,535.383
HATS-29 b,HATS-29,0,4.6058749,0.05475,14.022,207.54299,5670,1.07,353.891
HATS-3 b,HATS-3,0,3.547851,0.0485,15.48,340.39593,6351,1.4,411.211
HATS-3 b,HATS-3,0,3.547851,0.04852,15.48,349.613,6351,1.4,411.211
HATS-3 b,HATS-3,0,3.547851,0.0485,15.48,340.382,6351,1.4,411.211
HATS-30 b,HATS-30,0,3.1743516,0.04354,13.171,224.38798,5943,1.06,342.14
HATS-31 b,HATS-31,0,3.37796,0.0478,18.383,279.6904,6050,1.87,773.974
HATS-32 b,HATS-32,0,2.8126548,0.04024,14,292.4036,5700,1.1,745.116
HATS-33 b,HATS-33,0,2.5495551,0.03727,13.787,378.85336,5659,1.02,248.46
HATS-34 b,HATS-34,0,2.1061607,0.03166,16.029,299.07803,5380,0.98,508.842
HATS-35 b,HATS-35,0,1.8209993,0.03199,16.41,388.38826,6300,1.43,514.555
HATS-36 b,HATS-36,0,4.1752387,0.05425,13.843,1022.14128,6149,1.16,856.436
HATS-37 A b,HATS-37 A,0,4.3315366,0.04913,6.793,31.46517,5326,0.88,211.896
HATS-38 b,HATS-38,0,4.375021,0.05036,6.882,23.51942,5732,1.1,343.525
HATS-39 b,HATS-39,0,4.5776348,0.06007,17.598,200.2329,6572,1.62,878.521
HATS-4 b,HATS-4,0,2.516729,0.03623,11.433,416.03947,5403,0.93,416.459
HATS-4 b,HATS-4,0,2.516729,0.0362,11.433,420.471,5403,0.93,416.459
HATS-40 b,HATS-40,0,3.2642736,0.04997,17.71,505.3497,6460,2.26,1342.29
HATS-41 b,HATS-41,0,4.193649,0.0583,14.908,3082.951,6424,1.71,737.668
HATS-42 b,HATS-42,0,2.292102,0.03689,15.693,597.5204,6060,1.48,800.377
HATS-43 b,HATS-43,0,4.3888497,0.04944,13.227,82.95363,5099,0.81,362.273
HATS-44 b,HATS-44,0,2.7439004,0.03649,11.96,177.9848,5080,0.85,446.035
HATS-45 b,HATS-45,0,4.1876244,0.05511,14.415,222.481,6450,1.31,772.11
HATS-46 b,HATS-46,0,4.7423729,0.05367,10.122,54.98459,5495,0.85,453.808
HATS-47 b,HATS-47,0,3.9228038,0.04269,12.52,117.27927,4512,0.66,300.67
HATS-48 A b,HATS-48 A,0,3.1316666,0.03769,8.967,77.23269,4546,0.72,263.609
HATS-49 b,HATS-49,0,4.1480467,0.04515,8.575,112.19399,4405,0.7,324.413
HATS-5 b,HATS-5,0,4.763387,0.05428,10.223,75.64354,5304,0.87,246.384
HATS-5 b,HATS-5,0,4.763387,0.0542,10.223,75.323,5304,0.87,246.384
HATS-50 b,HATS-50,0,3.8297015,0.05046,12.666,123.9537,5990,1.12,756.742
HATS-51 b,HATS-51,0,3.3488702,0.04639,15.805,244.09344,5758,1.44,389.57
HATS-52 b,HATS-52,0,1.36665436,0.02498,15.491,711.9392,6010,1.05,555.134
HATS-53 b,HATS-53,0,3.8537768,0.04753,15.02,189.10885,5644,1.1,585.77
HATS-54 b,HATS-54,0,2.5441828,0.03763,11.96,241.5508,5702,1.32,748.585
HATS-55 b,HATS-55,0,4.2042001,0.05412,14.022,292.72143,6214,1.13,609.838
HATS-56 b,HATS-56,0,4.324799,0.06043,18.921,191.33366,6536,2.2,564.409
HATS-57 b,HATS-57,0,2.350621,0.03493,12.767,1000.21101,5587,0.96,279.485
HATS-58 A b,HATS-58 A,0,4.2180896,0.05798,12.274,327.3649,7175,1.43,403.591
HATS-59 b,HATS-59,0,5.416081,0.06112,12.621,256.17098,5670,1.04,642.884
HATS-6 b,HATS-6,0,3.3252725,0.03623,11.187,101.38777,3724,0.57,169.318
HATS-60 b,HATS-60,0,3.560829,0.04708,12.924,210.40346,5688,1.46,486.474
HATS-61 b,HATS-61,0,7.817953,0.07908,13.395,1080.622,5542,1.66,679.761
HATS-62 b,HATS-62,0,3.2768837,0.04163,11.825,56.89157,5416,0.93,523.067
HATS-63 b,HATS-63,0,3.0566527,0.04026,13.529,305.1168,5627,1.07,623.232
HATS-64 b,HATS-64,0,4.908897,0.06562,18.82,305.1168,6554,2.11,1080.15
HATS-65 b,HATS-65,0,3.105161,0.04497,16.825,260.93843,6277,1.31,493.32
HATS-66 b,HATS-66,0,3.1414391,0.04714,15.816,1694.0339,6626,1.84,1477.98
HATS-67 b,HATS-67,0,1.6091788,0.03032,18.887,460.8535,6594,1.44,960.109
HATS-68 b,HATS-68,0,3.5862202,0.05071,13.809,410.0007,6147,1.75,603.955
HATS-69 b,HATS-69,0,2.2252577,0.03211,10.593,183.38791,5137,0.88,414.537
HATS-7 b,HATS-7,0,3.185315,0.04012,6.311,38.1396,4985,0.81,240.707
HATS-7 b,HATS-7,0,3.185315,0.04012,6.311,39.09309,4985,0.81,240.707
HATS-70 b,HATS-70,0,1.8882378,0.03632,15.513,4100.007,7930,1.88,1458.83
HATS-71 b,HATS-71,0,3.7955202,0.03745,11.478,117.5971,3405,0.48,140.225
HATS-72 b,HATS-72,0,7.3279474,0.066517,8.097,39.85588,4656.1,0.72,127.589
HATS-74 A b,HATS-74 A,0,1.73185606,0.02384,11.568,464.02947,3776.9,0.58,299.389
HATS-75 b,HATS-75,0,2.7886556,0.032742,9.909,156.05375,3790.4,0.58,194.964
HATS-76 b,HATS-76,0,1.9416423,0.02658,12.094,835.57088,4016,0.63,385.689
HATS-77 b,HATS-77,0,3.0876262,0.03607,13.058,436.69623,4071,0.64,436.176
HATS-8 b,HATS-8,0,3.583893,0.04667,9.785,43.86054,5679,1.09,794.637
HATS-8 b,HATS-8,0,3.583893,0.04668,9.785,46.08535,5679,1.09,794.637
HATS-9 b,HATS-9,0,1.9153073,0.03048,11.938,261.57409,5366,1.5,638.7
HATS-9 b,HATS-9,0,1.9153073,0.03048,11.938,266.02371,5366,1.5,638.7
HD 106315 b,HD 106315,0,9.55237,0.0907,2.44,12.6,6327,1.3,109.353
HD 106315 c,HD 106315,0,21.05704,0.1536,4.35,15.2,6327,1.3,109.353
HD 110113 b,HD 110113,0,2.541,0.035,2.05,4.55,5732,0.97,106.307
HD 136352 b,HD 136352,0,11.57797,0.0964,1.664,4.72,5664,1.06,14.682
HD 136352 b,HD 136352,0,11.57779,0.0969,1.482,4.62,5850,1.01,14.682
HD 136352 c,HD 136352,0,27.5909,0.1729,2.608,11.29,5850,1.01,14.682
HD 136352 c,HD 136352,0,27.59221,0.1721,2.916,11.24,5664,1.06,14.682
HD 136352 d,HD 136352,0,107.245,0.425,2.562,8.82,5664,1.06,14.682
HD 137496 b,HD 137496,0,1.62116,0.02732,1.31,4.04,5799,1.59,155.317
HD 1397 b,HD 1397,0,11.53533,0.1097,11.5,131.89945,5521,2.34,79.5702
HD 1397 b,HD 1397,0,11.5366,0.1003,11.467,116.64361,5474,2.34,79.5702
HD 149026 b,HD 149026,0,2.87598,0.04313,7.331,114.10097,6160,1.37,75.8643
HD 149026 b,HD 149026,0,2.8758916,0.04364,9.09,102.34126,6160,1.53,75.8643
HD 149026 b,HD 149026,0,2.8758911,0.04288,6.837,113.14748,6147,1.29,75.8643
HD 152843 b,HD 152843,0,11.6264,0.1053,3.41,11.56,6310,1.43,107.898
HD 15337 b,HD 15337,0,4.75615,0.0522,1.64,7.51,5125,0.86,44.8155
HD 15337 b,HD 15337,0,4.75642,0.05245,1.699,7.2,5131,0.84,44.8155
HD 15337 c,HD 15337,0,17.1784,0.1235,2.522,8.79,5131,0.84,44.8155
HD 15337 c,HD 15337,0,17.1784,0.1268,2.39,8.11,5125,0.86,44.8155
HD 17156 b,HD 17156,0,21.21663,0.1614,11.43,1023.37,6100,1.44,78.0863
HD 17156 b,HD 17156,0,21.216398,0.1637,11.938,1036.76146,6079,1.49,78.0863
HD 17156 b,HD 17156,0,21.216398,0.16278,12.184,1028.18005,6079,1.5,78.0863
HD 183579 b,HD 183579,0,17.471275,0.13,3.53,11.2,5706,0.97,57.2651
HD 183579 b,HD 183579,0,17.471278,0.1334,3.55,19.7,5788,0.98,57.2651
HD 189733 b,HD 189733,0,2.218577,0.03106,12.543,370.58978,5050,0.77,19.7638
HD 189733 b,HD 189733,0,2.218573,0.03099,12.756,363.582,5040,0.76,19.7638
HD 189733 b,HD 189733,0,2.21857578,0.03142,12.902,365.5045,5050,0.75,19.7638
HD 189733 b,HD 189733,0,2.2185752,0.031,12.756,356.92309,5040,0.76,19.7638
HD 189733 b,HD 189733,0,2.219,0.0313,14.12,365.49,5050,0.76,19.7638
HD 191939 b,HD 191939,0,8.88029,0.078,3.39,10.4,5348,0.94,53.6089
HD 191939 c,HD 191939,0,28.5805,0.17,3.08,7.2,5348,0.94,53.6089
HD 191939 d,HD 191939,0,38.3525,0.207,3.04,5.8,5348,0.94,53.6089
HD 202772 A b,HD 202772 A,0,3.308958,0.05208,17.318,323.23311,6272,2.59,161.498
HD 207897 b,HD 207897,0,16.202159,0.1163,2.501,14.4,5070,0.78,28.2938
HD 209458 b,HD 209458,0,3.524746,0.04707,15.233,217.704,6065,1.16,48.3016
HD 209458 b,HD 209458,0,3.52474859,0.04707,15.233,216.76006,6065,1.16,48.3016
HD 209458 b,HD 209458,0,3.52474859,0.04747,15.468,226.93062,6117,1.16,48.3016
HD 209458 b,HD 209458,0,3.5239,0.046,15.92,197.05,6025,1.15,48.3016
HD 209458 b,HD 209458,0,3.525,0.0467,14.24,200.22,6000,1.1,48.3016
HD 213885 b,HD 213885,0,1.008035,0.02012,1.745,8.83,5978,1.1,48.0883
HD 21749 c,GJ 143,0,7.78993,0.0695,0.892,3.7,4640,0.69,16.32
HD 219134 b,HD 219134,0,3.092926,0.03876,1.602,4.74,4699,0.78,6.53127
HD 219134 c,HD 219134,0,6.76458,0.0653,1.511,4.36,4699,0.78,6.53127
HD 219134 d,HD 219134,0,46.859,0.237,1.61,16.17,4699,0.78,6.53127
HD 219134 f,HD 219134,1,22.717,0.1463,1.31,7.3,4699,0.78,6.53127
HD 219666 b,HD 219666,0,6.03607,0.06356,4.71,16.6,5527,1.03,94.1719
HD 221416 b,HD 221416,0,14.2767,0.1228,9.17,60.5,5080,2.94,95.5483
HD 260655 b,HD 260655,0,2.76953,0.02933,1.24,2.14,3803,0.44,10.0055
HD 260655 c,HD 260655,0,5.70588,0.04749,1.533,3.09,3803,0.44,10.0055
HD 2685 b,HD 2685,0,4.12688,0.0568,16.141,371.8611,6801,1.56,196.852
HD 28109 b,HD 28109,0,22.89104,0.1357,2.199,18.496,6120,1.45,139.611
HD 28109 c,HD 28109,0,56.00819,0.308,4.23,7.943,6120,1.45,139.611
HD 28109 d,HD 28109,0,84.25999,0.411,3.25,5.681,6120,1.45,139.611
HD 3167 b,HD 3167,0,0.959641,0.01815,1.7,5.02,5261,0.86,47.2899
HD 3167 b,HD 3167,0,0.959632,0.01752,1.574,5.69,5286,0.83,47.2899
HD 3167 c,HD 3167,0,29.84622,0.1806,2.74,8.33,5286,0.83,47.2899
HD 3167 c,HD 3167,0,29.8454,0.1795,3.01,9.8,5261,0.86,47.2899
HD 332231 b,HD 332231,0,18.71204,0.1436,9.718,77.55052,6089,1.28,80.6665
HD 5278 b,HD 5278,0,14.339156,0.1202,2.45,7.8,6203,1.19,57.5846
HD 73583 b,HD 73583,0,6.398042,0.0604,2.79,10.2,4511,0.65,31.5666
HD 73583 c,HD 73583,0,18.87974,0.1242,2.39,9.7,4511,0.65,31.5666
HD 80606 b,HD 80606,0,111.4367,0.4565,11.243,1308.18828,5574,1.04,66.4711
HD 80606 b,HD 80606,0,111.4367,0.4564,11.243,1307.55262,5574,1.04,66.4711
HD 86226 c,HD 86226,0,3.98442,0.049,2.16,7.25,5863,1.05,45.683
HD 89345 b,HD 89345,0,11.81399,0.105,6.86,35.7,5499,1.66,132.345
HD 89345 b,HD 89345,0,11.8143,0.1115,7.263,38.45743,5622,1.73,132.345
HD 89345 b,HD 89345,0,11.8143,0.1066,7.398,34.9613,5576,1.75,132.345
HD 95338 b,HD 95338,0,55.087,0.262,3.89,42.44,5212,0.87,36.9941
HD 97658 b,HD 97658,0,9.4909,0.0796,2.341,7.86,5119,0.7,21.5618
HD 97658 b,HD 97658,0,9.4903,0.08,2.247,7.55,5170,0.74,21.5618
HIP 116454 b,HIP 116454,0,9.1205,0.0906,2.53,11.82,5089,0.72,62.4491
HIP 65 A b,HIP 65 A,0,0.9809734,0.01782,22.754,1021.18779,4590,0.72,61.7856
HIP 94235 b,HIP 94235,0,7.713057,0.0787,3,379,5991,1.08,58.5146
HIP 97166 b,HIP 97166,0,10.28891,0.089,2.74,20,5198,0.84,65.9501
K2-100 b,K2-100,0,1.6739035,0.0301,3.88,21.8,5945,1.24,188.959
K2-105 b,K2-105,0,8.266902,0.081,3.59,30,5434,0.95,197.989
K2-107 b,K2-107,0,3.31392,0.048,16.141,266.9772,6030,1.78,685.2
K2-108 b,K2-108,0,4.73401,0.0573,5.28,59.4,5474,1.75,477.295
K2-110 b,K2-110,0,13.86375,0.1021,2.592,16.7,5010,0.71,116.474
K2-111 b,K2-111,0,5.35117,0.0621,1.9,8.6,5730,1.23,200.394
K2-111 b,K2-111,0,5.3518,0.057,1.82,5.29,5775,1.25,200.394
K2-113 b,K2-113,0,5.817608,0.0558,10.424,410.0007,5627,1.05,635.722
K2-114 b,K2-114,0,11.39109,0.09309,10.559,587.9855,5027,0.83,475.758
K2-114 b,K2-114,0,11.3909311,0.0943,10.447,638.8351,4920,0.82,475.758
K2-115 b,K2-115,0,20.273034,0.1367,12.498,266.9772,5560,0.88,413.591
K2-132 b,K2-132,0,9.1708,0.0916,12.207,157.32585,4878,4.11,609.818
K2-137 b,K2-137,0,0.179715,0.0058,0.89,158.915,3492,0.44,98.8765
K2-138 b,K2-138,0,2.35309,0.03385,1.51,3.1,5356.3,0.86,202.585
K2-138 c,K2-138,0,3.56004,0.04461,2.299,6.31,5356.3,0.86,202.585
K2-138 d,K2-138,0,5.40479,0.05893,2.39,7.92,5356.3,0.86,202.585
K2-138 e,K2-138,0,8.26146,0.0782,3.39,12.97,5356.3,0.86,202.585
K2-138 f,K2-138,0,12.75758,0.10447,2.904,1.63,5356.3,0.86,202.585
K2-138 g,K2-138,0,41.96797,0.23109,3.013,4.32,5356.3,0.86,202.585
K2-139 b,K2-139,0,28.38236,0.179,9.057,123.00021,5340,0.86,153.856
K2-140 b,K2-140,0,6.5693,0.0591,12.274,323.86877,5654,0.99,347.917
K2-140 b,K2-140,0,6.569188,0.068,13.563,295.58042,5585,1.06,347.917
K2-141 b,K2-141,0,0.2803226,0.00716,1.54,5.31,4373,0.67,61.8736
K2-146 b,K2-146,0,2.6698,0.0248,2.25,5.6,3385,0.35,79.3002
K2-146 c,K2-146,0,3.9663,0.0327,2.59,7.1,3385,0.35,79.3002
K2-18 b,K2-18,0,32.939623,0.1429,2.37,8.92,3457,0.41,38.0266
K2-18 b,K2-18,0,32.93963,0.143,2.38,7.96,3457,0.41,38.0266
K2-18 b,K2-18,0,32.940045,0.1591,2.61,8.63,3457,0.44,38.0266
K2-180 b,K2-180,0,8.8665,0.075,2.242,11.44182,5110,0.69,203.896
K2-182 b,K2-182,0,4.7369683,0.0526,2.69,20,5170,0.79,154.83
K2-19 b,K2-19,0,7.921101,0.0762,7.46,44,5390,0.91,289.827
K2-19 c,K2-19,0,11.90727,0.1001,4.51,15.9,5390,0.91,289.827
K2-199 b,K2-199,0,3.2253993,0.0382,1.73,6.9,4491,0.68,107.518
K2-199 c,K2-199,0,7.3744897,0.0662,2.85,12.4,4491,0.68,107.518
K2-216 b,K2-216,0,2.1748,0.028,1.75,8,4503,0.72,115.461
K2-22 b,K2-22,0,0.381078,0.0088,2.5,444.962,3830,0.57,243.836
K2-229 b,K2-229,0,0.584249,0.012888,1.164,2.59,5185,0.79,102.564
K2-229 c,K2-229,0,8.32834,0.07577,2.12,21.3,5185,0.79,102.564
K2-232 b,K2-232,0,11.168454,0.10356,11.209,126.49634,6154,1.16,130.72
K2-232 b,K2-232,0,11.168459,0.0991,11.859,123.00021,5888,1.23,130.72
K2-233 b,K2-233,0,2.4675,0.03308,1.343,11.26,5033,0.71,67.5062
K2-233 c,K2-233,0,7.06005,0.06666,1.281,12.81,5033,0.71,67.5062
K2-233 d,K2-233,0,24.3645,0.15224,2.358,21.14,5033,0.71,67.5062
K2-237 b,K2-237,0,2.18053539,0.03558,16.197,433.20012,6360,1.26,314.995
K2-237 b,K2-237,0,2.18056,0.037,18.495,508.528,6257,1.43,314.995
K2-237 b,K2-237,0,2.1805577,0.0353,18.405,392.83788,6099,1.38,314.995
K2-238 b,K2-238,0,3.20466,0.046,14.572,273.3338,5630,1.59,537.963
K2-24 b,K2-24,0,20.8851,0.154,5.68,21,5743,1.21,170.562
K2-24 c,K2-24,0,42.3633,0.247,7.82,27,5743,1.21,170.562
K2-25 b,K2-25,0,3.48456408,0.0287,3.44,24.5,3207,0.29,44.9565
K2-260 b,K2-260,0,2.6266657,0.0404,17.396,451.3186,6367,1.69,663.834
K2-261 b,K2-261,0,11.633478,0.1034,9.528,59.75174,5445,1.64,213.283
K2-261 b,K2-261,0,11.633478,0.1087,9.505,67.69745,5503,1.64,213.283
K2-261 b,K2-261,0,11.63344,0.102,9.528,70.87609,5537,1.65,213.283
K2-263 b,K2-263,0,50.818947,0.2573,2.41,14.8,5368,0.85,162.481
K2-265 b,K2-265,0,2.369172,0.03376,1.71,6.54,5477,0.98,138.671
K2-266 d,K2-266,0,14.697,0.1035,2.93,8.9,4285,0.7,77.5586
K2-266 e,K2-266,0,19.482,0.1249,2.73,14.3,4285,0.7,77.5586
K2-27 b,K2-27,0,6.771315,0.06702,4.48,30.9,5248,0.89,249.645
K2-280 b,K2-280,0,19.89526,0.1461,7.5,37.1,5500,1.28,391.537
K2-285 b,K2-285,0,3.471745,0.03817,2.59,9.68,4975,0.79,154.961
K2-285 c,K2-285,0,7.138048,0.0824,3.53,15.68,4975,0.79,154.961
K2-285 d,K2-285,0,10.45582,0.1178,2.48,6.5,4975,0.79,154.961
K2-285 e,K2-285,0,14.76289,0.18041,1.95,10.7,4975,0.79,154.961
K2-287 b,K2-287,0,14.893291,0.1206,9.494,100.11645,5695,1.07,158.335
K2-29 b,K2-29,0,3.2588321,0.04217,13.339,232.0159,5358,0.86,178.475
K2-29 b,K2-29,0,3.2589263,0.04097,11.209,194.82979,5222,0.75,178.475
K2-290 b,K2-290,0,9.21165,0.0923,3.06,10.9,6302,1.51,272.909
K2-290 c,K2-290,0,48.36685,0.305,11.276,246.00042,6302,1.51,272.909
K2-291 b,K2-291,0,2.225177,0.03261,1.589,6.49,5520,0.9,90.0562
K2-292 b,K2-292,0,16.9841,0.13,2.63,24.5,5725,1.09,114.293
K2-295 b,K2-295,0,4.024867,0.0451,10.054,106.47305,4444,0.7,232.801
K2-3 b,K2-3,0,10.05454,0.0777,2.29,6.6,3835,0.6,44.0727
K2-3 c,K2-3,0,24.64638,0.1413,1.77,3.1,3835,0.6,44.0727
K2-3 d,K2-3,0,44.55764,0.2097,1.65,1.8,3835,0.6,44.0727
K2-30 b,K2-30,0,4.098507,0.04986,13.406,198.00809,5581,0.94,333.042
K2-30 b,K2-30,0,4.09849,0.0419,11.982,187.20187,5575,0.84,333.042
K2-30 b,K2-30,0,4.098503,0.04839,11.646,184.02357,5425,0.84,333.042
K2-31 b,K2-31,0,1.25785,0.022,11.882,563.83042,5280,0.78,110.527
K2-32 b,K2-32,0,8.992,0.0795,5.299,15,5271,0.86,157.682
K2-32 b,K2-32,0,8.99213,0.08036,5.13,16.5,5275,0.84,157.682
K2-32 c,K2-32,0,20.66093,0.13843,3.134,8.1,5271,0.86,157.682
K2-32 c,K2-32,0,20.6602,0.1399,3.01,12.1,5275,0.84,157.682
K2-32 d,K2-32,0,31.71701,0.18422,3.484,6.7,5271,0.86,157.682
K2-32 d,K2-32,0,31.7154,0.1862,3.43,10.3,5275,0.84,157.682
K2-32 e,K2-32,0,4.34934,0.04899,1.212,2.1,5271,0.86,157.682
K2-329 b,K2-329,0,12.4551225,0.1016,8.676,82.6358,5282,0.82,233.237
K2-33 b,K2-33,0,5.42513,0.0409,5.76,1144.188,3410,1.1,139.268
K2-34 b,K2-34,0,2.995654,0.0445,16.141,563.51259,6087,1.66,348.646
K2-34 b,K2-34,0,2.995629,0.0465,15.435,539.67534,6149,1.58,348.646
K2-34 b,K2-34,0,2.995607,0.04419,15.132,559.3808,6132,1.53,348.646
K2-36 b,K2-36,0,1.422614,0.0223,1.43,3.9,4916,0.72,109.749
K2-36 c,K2-36,0,5.340888,0.054,3.2,7.8,4916,0.72,109.749
K2-38 b,K2-38,0,4.01593,0.0506,1.55,12,5757,1.1,192.69
K2-38 c,K2-38,0,10.56103,0.0964,2.42,9.9,5757,1.1,192.69
K2-39 b,K2-39,0,4.60497,0.0574,5.71,39.8,4912,2.93,307.47
K2-39 b,K2-39,0,4.60543,0.062,8.2,50.3,4881,3.88,307.47
K2-60 b,K2-60,0,3.00265,0.045,7.656,135.39558,5500,1.12,491.87
K2-66 b,K2-66,0,5.06963,0.05983,2.49,21.3,5887,1.67,513.877
K2-98 b,K2-98,0,10.13675,0.0943,4.3,32.2,6120,1.31,518.625
K2-99 b,K2-99,0,18.249,0.159,14.46,308.2951,5990,3.1,519.229
KELT-1 b,KELT-1,0,1.217514,0.02466,12.442,8654.15,6518,1.46,268.43
KELT-10 b,KELT-10,0,4.1662739,0.0525,15.681,215.80657,5948,1.21,188.404
KELT-11 b,KELT-11,0,4.736529,0.06229,15.356,61.97685,5370,2.72,99.1596
KELT-12 b,KELT-12,0,5.031623,0.06708,19.952,301.9385,6279,2.37,368.03
KELT-14 b,KELT-14,0,1.7100566,0.03005,19.537,408.09372,5720,1.52,250.121
KELT-14 b,KELT-14,0,1.7100588,0.02956,17.038,380.12468,5802,1.37,250.121
KELT-15 b,KELT-15,0,3.329441,0.04613,16.175,289.2253,6003,1.48,324.683
KELT-16 b,KELT-16,0,0.9689951,0.02044,15.861,874.0325,6236,1.36,444.586
KELT-17 b,KELT-17,0,3.0801716,0.04881,17.094,416.3573,7454,1.65,226.5
KELT-18 b,KELT-18,0,2.8717518,0.0455,17.598,375.0394,6670,1.91,321.376
KELT-19 A b,KELT-19 A,0,4.6117093,0.0637,21.409,1293.5681,7500,1.83,300.276
KELT-2 A b,KELT-2 A,0,4.113791,0.05497,14.46,485.32641,6148,1.83,134.058
KELT-2 A b,KELT-2 A,0,4.1137912,0.05496,14.415,483.717,6151,1.83,134.058
KELT-20 b,KELT-20,0,3.474119,0.057,20.512,5403.11,8980,1.6,136.426
KELT-20 b,KELT-20,0,3.4741085,0.0542,19.515,1074.90106,8720,1.56,136.426
KELT-21 b,KELT-21,0,3.6127647,0.05224,17.777,1242.7153,7598,1.64,470.878
KELT-23 A b,KELT-23 A,0,2.255251,0.03302,14.83,298.12454,5899,1,126.261
KELT-24 b,KELT-24,0,5.55149,0.067,15.244,1334.87931,6415,1.52,96.5173
KELT-24 b,KELT-24,0,5.5514926,0.06969,14.258,1646.3594,6509,1.51,96.5173
KELT-3 b,KELT-3,0,2.7033904,0.04122,15.076,469.415,6306,1.47,210.252
KELT-3 b,KELT-3,0,2.70339,0.04123,15.076,469.75274,6308,1.47,210.252
KELT-4 A b,KELT-4 A,0,2.9895932,0.04317,19.044,286.68266,6206,1.6,218.05
KELT-6 b,KELT-6,0,7.8457,0.07939,13.372,136.661,6102,1.58,240.726
KELT-6 b,KELT-6,0,7.845582,0.0804,13.227,140.48086,6272,1.53,240.726
KELT-7 b,KELT-7,0,2.7347749,0.04415,17.183,406.8224,6789,1.73,136.681
KELT-8 b,KELT-8,0,3.24406,0.0455,20.849,272.69814,5754,1.67,197.572
KELT-8 b,KELT-8,0,3.24406,0.04571,20.849,275.55861,5754,1.67,197.572
KELT-9 b,KELT-9,0,1.4811235,0.03462,21.196,915.3504,10170,2.36,204.455
KOI-12 b,KOI-12,0,17.8552333,0.151,16.029,3178.3,6820,1.63,399.398
KOI-13 b,KOI-13,0,1.763588,0.03641,16.948,2949.4624,7650,1.74,519.096
KOI-3680 b,KOI-3680,0,141.241671,0.534,11.097,613.4119,5830,0.96,921.986
KOI-4777.01,KOI-4777,0,0.412,0.008,0.51,99.2,3515,0.4,172.245
KOI-55 b,KOI-55,1,0.240104,0.006,0.759,0.44,27730,0.2,1231.02
KOI-55 c,KOI-55,1,0.342887,0.0076,0.867,0.655,27730,0.2,1231.02
KOI-94 b,KOI-94,0,3.743208,0.05119,1.71,10.5,6182,1.52,477.052
KOI-94 c,KOI-94,0,10.423648,0.1013,4.32,15.6,6182,1.52,477.052
KOI-94 d,KOI-94,0,22.342989,0.1684,11.27,106,6182,1.52,477.052
KOI-94 e,KOI-94,0,54.32031,0.3046,6.56,35,6182,1.52,477.052
KPS-1 b,KPS-1,0,1.706291,0.0269,11.545,346.4347,5165,0.91,262.706
Kepler-10 b,Kepler-10,0,0.8374907,0.01685,1.47,3.72,5708,1.06,185.506
Kepler-10 b,Kepler-10,0,0.837495,0.01684,1.416,4.56,5627,1.06,185.506
Kepler-10 b,Kepler-10,0,0.837491,0.0172,1.481,4.60853,5627,1.06,185.506
Kepler-10 b,Kepler-10,0,0.8374907,0.01685,1.47,3.33,5708,1.06,185.506
Kepler-10 b,Kepler-10,0,0.8374912,0.01687,1.46,4.6,5643,1.06,185.506
Kepler-10 c,Kepler-10,0,45.29485,0.2407,2.227,20,5627,1.06,185.506
Kepler-10 c,Kepler-10,0,45.294301,0.241,2.35,13.98,5708,1.06,185.506
Kepler-101 b,Kepler-101,0,3.4876812,0.0474,5.77,51.1,5667,1.56,927.981
Kepler-101 c,Kepler-101,0,6.02976,0.0684,1.25,3.78,5667,1.56,927.981
Kepler-107 b,Kepler-107,0,3.1800218,0.04544,1.536,3.51,5854,1.45,525.997
Kepler-107 c,Kepler-107,0,4.901452,0.06064,1.597,9.39,5854,1.45,525.997
Kepler-107 d,Kepler-107,0,7.95839,0.08377,0.86,3.8,5854,1.45,525.997
Kepler-107 e,Kepler-107,0,14.749143,0.12639,2.903,8.6,5854,1.45,525.997
Kepler-11 b,Kepler-11,0,10.3039,0.091,1.8,1.9,5663,1.06,646.346
Kepler-11 b,Kepler-11,0,10.30375,0.091,1.97,4.3,5680,1.1,646.346
Kepler-11 c,Kepler-11,0,13.02502,0.106,3.15,13.5,5680,1.1,646.346
Kepler-11 c,Kepler-11,0,13.0241,0.107,2.87,2.9,5663,1.06,646.346
Kepler-11 d,Kepler-11,0,22.68719,0.159,3.43,6.1,5680,1.1,646.346
Kepler-11 d,Kepler-11,0,22.6845,0.155,3.12,7.3,5663,1.06,646.346
Kepler-11 e,Kepler-11,0,31.9959,0.194,4.52,8.4,5680,1.1,646.346
Kepler-11 e,Kepler-11,0,31.9996,0.195,4.19,8,5663,1.06,646.346
Kepler-11 f,Kepler-11,0,46.68876,0.25,2.61,2.3,5680,1.1,646.346
Kepler-11 f,Kepler-11,0,46.6888,0.25,2.49,2,5663,1.06,646.346
Kepler-11 g,Kepler-11,0,118.3807,0.466,3.33,25,5663,1.06,646.346
Kepler-11 g,Kepler-11,0,118.37774,0.462,3.66,300,5680,1.1,646.346
Kepler-117 b,Kepler-117,0,18.7959228,0.1445,8.059,29.875,6150,1.61,1455.57
Kepler-117 c,Kepler-117,0,50.790391,0.2804,12.341,584.78,6150,1.61,1455.57
Kepler-12 b,Kepler-12,0,4.4379637,0.05563,18.999,137.62039,5950,1.48,881.386
Kepler-12 b,Kepler-12,0,4.4379637,0.0555,19.123,136.6669,5947,1.49,881.386
Kepler-12 b,Kepler-12,0,4.4379637,0.0556,18.999,136.979,5947,1.48,881.386
Kepler-12 b,Kepler-12,0,4.4379629,0.0553,19.661,137.30256,5947,1.48,881.386
Kepler-129 c,Kepler-129,0,82.2,0.39,2.52,43,5770,1.65,408.845
Kepler-15 b,Kepler-15,0,4.942782,0.0583,14.448,221.20968,5595,1.25,739.412
Kepler-15 b,Kepler-15,0,4.942782,0.05714,10.76,209.76,5515,0.99,739.412
Kepler-15 b,Kepler-15,0,4.9427809,0.05705,10.761,201.18639,5520,0.99,739.412
Kepler-1514 b,Kepler-1514,0,217.83184,0.753,12.42,1678.1424,6145,1.29,397.292
Kepler-16 b,Kepler-16,0,228.776,0.7048,8.449,105.833,4450,0.65,75.0852
Kepler-1647 b,Kepler-1647,0,1107.5923,2.7205,11.874,483,6210,1.79,1212.45
Kepler-1654 b,Kepler-1654,0,1047.8356,2.026,9.18,158.915,5597,1.18,568.117
Kepler-1655 b,Kepler-1655,0,11.8728787,0.103,2.213,5,6148,1.03,213.26
Kepler-1656 b,Kepler-1656,0,31.578659,0.197,5.02,48.6,5731,1.1,185.875
Kepler-1658 b,Kepler-1658,0,3.84937278,0.0544,11.994,1868.8404,6216,2.89,788.238
Kepler-1661 b,Kepler-1661,0,175.06,0.633,3.87,17,5100,0.76,410.607
Kepler-167 e,Kepler-167,0,1071.23205,1.883,10.16,321.00669,4884,0.75,341.908
Kepler-17 b,Kepler-17,0,1.4857108,0.02591,14.68,778.65,5781,1.01,720.753
Kepler-17 b,Kepler-17,0,1.48571091,0.0268,14.908,785.0401,5781,1.05,720.753
Kepler-17 b,Kepler-17,0,1.4857108,0.02605,14.684,743.7222,5781,0.98,720.753
Kepler-1704 b,Kepler-1704,0,988.88113,2.026,11.938,1318.98789,5745,1.7,835.455
Kepler-1708 b,Kepler-1708,0,737.1131,1.64,9.96,1462.01067,6157,1.12,1666.69
Kepler-18 b,Kepler-18,0,3.504725,0.0447,2,6.9,5345,1.11,433.047
Kepler-18 c,Kepler-18,0,7.64159,0.0752,5.49,17.3,5345,1.11,433.047
Kepler-18 d,Kepler-18,0,14.85888,0.1172,6.98,16.4,5345,1.11,433.047
Kepler-20 b,Kepler-20,0,3.69611525,0.0463,1.868,9.7,5495,0.96,282.563
Kepler-20 b,Kepler-20,0,3.6961219,0.04537,1.91,8.7,5455,0.94,282.563
Kepler-20 c,Kepler-20,0,10.85409089,0.0949,3.047,12.75,5495,0.96,282.563
Kepler-20 c,Kepler-20,0,10.854092,0.093,3.07,16.1,5455,0.94,282.563
Kepler-20 d,Kepler-20,0,77.61130017,0.3506,2.744,10.07,5495,0.96,282.563
Kepler-20 d,Kepler-20,0,77.61184,0.3453,2.75,20.1,5455,0.94,282.563
Kepler-21 b,Kepler-21,0,2.78578,0.042717,1.639,5.08,6305,1.9,108.522
Kepler-21 b,Kepler-21,0,2.785755,0.042507,1.635,10.4,6131,1.86,108.522
Kepler-22 b,Kepler-22,0,289.8623,0.849,2.38,36,5518,0.98,194.642
Kepler-23 b,Kepler-23,0,7.1073,0.075,1.9,254.3,5760,1.52,835.756
Kepler-23 c,Kepler-23,0,10.7421,0.099,3.2,858.1,5760,1.52,835.756
Kepler-24 b,Kepler-24,0,8.1453,0.08,2.4,508.5,5800,1.07,1156.81
Kepler-24 c,Kepler-24,0,12.3335,0.106,2.8,508.5,5800,1.07,1156.81
Kepler-25 b,Kepler-25,0,6.2385,0.068,2.6,4036.3,6190,1.36,243.249
Kepler-25 c,Kepler-25,0,12.7204,0.11,4.5,1322.12,6190,1.36,243.249
Kepler-26 b,Kepler-26,0,12.2829,0.085,3.6,120.77,4500,0.59,335.307
Kepler-26 c,Kepler-26,0,17.2513,0.107,3.6,119.181,4500,0.59,335.307
Kepler-27 b,Kepler-27,0,15.3348,0.118,4,2895.31,5400,0.59,1044.36
Kepler-27 c,Kepler-27,0,31.3309,0.191,4.9,4385.87,5400,0.59,1044.36
Kepler-28 b,Kepler-28,0,5.9123,0.062,3.6,479.9,4590,0.7,438.359
Kepler-28 c,Kepler-28,0,8.9858,0.081,3.4,432.23,4590,0.7,438.359
Kepler-289 b,Kepler-289,0,34.545,0.21,2.15,7.3,5990,1,704.438
Kepler-289 c,Kepler-289,0,125.8518,0.51,11.59,132,5990,1,704.438
Kepler-289 d,Kepler-289,0,66.0634,0.33,2.68,4,5990,1,704.438
Kepler-29 b,Kepler-29,0,10.3376,0.09,3.6,127.1,5750,0.96,832.532
Kepler-29 c,Kepler-29,0,13.2907,0.11,2.9,95.3,5750,0.96,832.532
Kepler-30 b,Kepler-30,0,29.33434,0.18,3.9,11.3,5498,0.95,914.221
Kepler-30 b,Kepler-30,0,29.329,0.18,3.6,63.566,5498,0.95,914.221
Kepler-30 c,Kepler-30,0,60.3251,0.3,14.3,2892.253,5498,0.95,914.221
Kepler-30 c,Kepler-30,0,60.323105,0.3,12.3,640,5498,0.95,914.221
Kepler-30 d,Kepler-30,0,143.213,0.5,10.6,5403.11,5498,0.95,914.221
Kepler-30 d,Kepler-30,0,143.34394,0.5,8.8,23.1,5498,0.95,914.221
Kepler-31 c,Kepler-31,0,42.6318,0.26,5.3,1493.7,6340,1.22,1664.64
Kepler-31 d,Kepler-31,0,87.6451,0.4,3.9,2161.244,6340,1.22,1664.64
Kepler-32 b,Kepler-32,0,5.90124,0.05,2.2,1303,3900,0.53,323.847
Kepler-32 c,Kepler-32,0,8.7522,0.09,2,158.9,3900,0.53,323.847
Kepler-34 b,Kepler-34,0,288.822,1.0896,8.564,69.92,5913,1.16,1800.82
Kepler-35 b,Kepler-35,0,131.458,0.60347,8.16,40.363,5606,1.03,1819.17
Kepler-36 b,Kepler-36,0,13.83989,0.1153,1.486,4.45,5911,1.63,527.956
Kepler-36 c,Kepler-36,0,16.23855,0.1283,3.679,8.08,5911,1.63,527.956
Kepler-38 b,Kepler-38,0,105.599,0.4632,4.3,122,5623,1.75,1174.59
Kepler-39 b,Kepler-39,0,21.08721,0.1635,13.899,6388.383,6350,1.4,1057.41
Kepler-39 b,Kepler-39,0,21.087168,0.1539,12.24,5689.157,6260,1.23,1057.41
Kepler-39 b,Kepler-39,0,21.0874,0.155,13.68,5720.7,6260,1.39,1057.41
Kepler-39 b,Kepler-39,0,21.08721,0.164,13.9,6388.1,6350,1.4,1057.41
Kepler-4 b,Kepler-4,0,3.21346,0.0456,4.002,24.472,5857,1.49,487.916
Kepler-4 b,Kepler-4,0,3.213658,0.0449,4.125,23.83725,5857,1.48,487.916
Kepler-40 b,Kepler-40,0,6.87349,0.08,13.11,699.2,6510,2.13,2305.01
Kepler-40 b,Kepler-40,0,6.8731697,0.0804,16.141,657.9081,6510,2.48,2305.01
Kepler-40 b,Kepler-40,0,6.8731697,0.0802,16.141,686.5128,6510,2.48,2305.01
Kepler-40 b,Kepler-40,0,6.87349,0.0795,14.235,673.7996,6510,2.24,2305.01
Kepler-41 b,Kepler-41,0,1.8555588,0.02895,9.55,156.69019,5660,0.94,1093.08
Kepler-41 b,Kepler-41,0,1.8555582,0.03097,14.46,179.89178,5750,1.29,1093.08
Kepler-41 b,Kepler-41,0,1.8555582,0.03101,14.46,177.98,5750,1.29,1093.08
Kepler-41 b,Kepler-41,0,1.8555577,0.02396,11.657,177.9848,5620,1.02,1093.08
Kepler-41 b,Kepler-41,0,1.855558,0.03,9.98,174.8,5620,1.02,1093.08
Kepler-412 b,Kepler-412,0,1.7208604,0.02897,15.031,299.07803,5750,1.29,1086.24
Kepler-412 b,Kepler-412,0,1.7208612,0.02961,14.852,294.62841,5750,1.29,1086.24
Kepler-412 b,Kepler-412,0,1.72086123,0.02959,14.852,298.43,5750,1.29,1086.24
Kepler-413 b,Kepler-413,0,66.262,0.3553,4.347,67,4700,0.78,847.536
Kepler-419 b,Kepler-419,0,69.7546,0.37,10.8,794.5,6430,1.74,1011.36
Kepler-419 b,Kepler-419,0,69.7547,0.3704,10.761,820.0014,6430,1.75,1011.36
Kepler-422 b,Kepler-422,0,7.8914483,0.0813,12.89,155.7367,5972,1.24,722.795
Kepler-422 b,Kepler-422,0,7.8914483,0.082,12.89,136.66,5972,1.24,722.795
Kepler-423 b,Kepler-423,0,2.68432848,0.0396,13.45,228.83,5790,0.99,758.753
Kepler-423 b,Kepler-423,0,2.6843285,0.03585,13.361,189.101,5560,0.95,758.753
Kepler-423 b,Kepler-423,0,2.6843285,0.03582,13.361,192.60498,5560,0.95,758.753
Kepler-424 b,Kepler-424,0,3.3118644,0.04365,9.976,341.98508,5460,0.94,698.646
Kepler-424 b,Kepler-424,0,3.3118644,0.044,9.98,327.35,5460,0.94,698.646
Kepler-425 b,Kepler-425,0,3.79701816,0.0464,10.962,79.45,5170,0.86,646.647
Kepler-425 b,Kepler-425,0,3.79701816,0.04652,10.962,71.82958,5170,0.86,646.647
Kepler-426 b,Kepler-426,0,3.21751883,0.04135,12.218,107.10871,5725,0.92,843.695
Kepler-426 b,Kepler-426,0,3.21751883,0.0414,12.22,108.06,5725,0.92,843.695
Kepler-427 b,Kepler-427,0,10.290994,0.0913,13.787,92.80636,5800,1.35,1017.8
Kepler-427 b,Kepler-427,0,10.290994,0.091,13.79,92.17,5800,1.35,1017.8
Kepler-428 b,Kepler-428,0,3.52563254,0.0433,12.11,403.63,5150,0.8,686.284
Kepler-428 b,Kepler-428,0,3.52563254,0.04331,12.106,406.8224,5150,0.8,686.284
Kepler-43 b,Kepler-43,0,3.02409309,0.04436,13.002,997.9862,6050,1.38,1005.84
Kepler-43 b,Kepler-43,0,3.0240933,0.044,12.498,982.0947,6041,1.33,1005.84
Kepler-43 b,Kepler-43,0,3.0240922,0.044,12.55,962.98,6019,1.34,1005.84
Kepler-43 b,Kepler-43,0,3.0240949,0.046,13.664,1026.5909,6041,1.42,1005.84
Kepler-43 b,Kepler-43,0,3.02409309,0.0444,13,994.77,6050,1.38,1005.84
Kepler-43 b,Kepler-43,0,3.024095,0.0449,13.45,1026.55,6041,1.42,1005.84
Kepler-432 b,Kepler-432,0,52.501129,0.301,12.834,1719.4603,4995,4.06,848.023
Kepler-432 b,Kepler-432,0,52.50097,0.3034,12.554,1547.77,4850,4.16,848.023
Kepler-432 b,Kepler-432,0,52.50113,0.3025,12.834,182.75225,4995,4.12,848.023
Kepler-433 b,Kepler-433,0,5.3340838,0.0678,16.253,893.1023,6340,2.26,1878.31
Kepler-433 b,Kepler-433,0,5.33408384,0.0679,16.25,896.24,6360,2.26,1878.31
Kepler-434 b,Kepler-434,0,12.8747099,0.1142,12.666,947.1334,5970,1.38,1222.54
Kepler-434 b,Kepler-434,0,12.8747099,0.1143,12.67,908.96,5977,1.38,1222.54
Kepler-435 b,Kepler-435,0,8.6001536,0.0949,22.306,270.1555,6090,3.21,1418.77
Kepler-435 b,Kepler-435,0,8.6001536,0.0948,22.31,266.97,6161,3.21,1418.77
Kepler-44 b,Kepler-44,0,3.246722,0.0457,13.451,327.3649,5757,1.46,1188
Kepler-44 b,Kepler-44,0,3.24674,0.0455,13.9,324.17,5757,1.52,1188
Kepler-44 b,Kepler-44,0,3.2467293,0.0446,12.22,317.82,5800,1.35,1188
Kepler-44 b,Kepler-44,0,3.2467293,0.0446,12.218,311.79123,5800,1.35,1188
Kepler-447 b,Kepler-447,0,7.79430132,0.0769,18.49,435.41,5493,1.05,268.041
Kepler-45 b,Kepler-45,0,2.45524122,0.02954,11.198,158.915,3820,0.54,381.949
Kepler-45 b,Kepler-45,0,2.4552339,0.02987,10.761,153.82972,3820,0.55,381.949
Kepler-45 b,Kepler-45,0,2.455239,0.03,10.76,160.497,3820,0.55,381.949
Kepler-453 b,Kepler-453,0,240.503,0.7903,6.204,16,5527,0.83,442.846
Kepler-454 b,Kepler-454,0,10.57375339,0.0954,2.37,6.84,5701,1.07,230.869
Kepler-46 b,Kepler-46,0,33.60134,0.1968,9.057,1907,5155,0.94,777.06
Kepler-46 b,Kepler-46,0,33.648,0.1971,9.079,281.27955,5155,0.94,777.06
Kepler-47 b,Kepler-47,0,49.532,0.2962,3.03,636,5636,0.96,1025.02
Kepler-47 c,Kepler-47,0,303.137,0.991,4.62,8899,5636,0.96,1025.02
Kepler-5 b,Kepler-5,0,3.5484657,0.0538,15.984,670.93913,6297,1.79,899.777
Kepler-5 b,Kepler-5,0,3.5484625,0.05071,16.04,675.70658,6297,1.79,899.777
Kepler-5 b,Kepler-5,0,3.548469,0.04967,13.563,648.3732,6297,1.54,899.777
Kepler-5 b,Kepler-5,0,3.54846,0.05064,16.04,671.864,6297,1.79,899.777
Kepler-51 b,Kepler-51,0,45.154,0.2514,7.1,2.1,6018,0.94,783.831
Kepler-51 c,Kepler-51,0,85.312,0.384,9,4,6018,0.94,783.831
Kepler-51 d,Kepler-51,0,130.194,0.509,9.7,7.6,6018,0.94,783.831
Kepler-538 b,Kepler-538,0,81.73778,0.4669,2.215,10.6,5547,0.87,155.956
Kepler-539 b,Kepler-539,0,125.63243,0.4988,8.373,308.2951,5820,0.95,307.318
Kepler-56 b,Kepler-56,0,10.5016,0.1028,6.51,22.1,4840,4.23,912.994
Kepler-56 c,Kepler-56,0,21.40239,0.1652,9.8,181,4840,4.23,912.994
Kepler-6 b,Kepler-6,0,3.2346996,0.04852,14.617,212.31044,5647,1.39,587.039
Kepler-6 b,Kepler-6,0,3.234702,0.04438,13.103,201.18639,5647,1.26,587.039
Kepler-6 b,Kepler-6,0,3.234723,0.04567,14.83,212.619,5647,1.39,587.039
Kepler-6 b,Kepler-6,0,3.2346994,0.04448,13.103,205.63601,5647,1.26,587.039
Kepler-62 b,Kepler-62,0,5.714932,0.0553,1.31,9,4925,0.64,300.874
Kepler-62 c,Kepler-62,0,12.4417,0.0929,0.54,4,4925,0.64,300.874
Kepler-62 d,Kepler-62,0,18.16406,0.12,1.95,14,4925,0.64,300.874
Kepler-62 e,Kepler-62,0,122.3874,0.427,1.61,36,4925,0.64,300.874
Kepler-62 f,Kepler-62,0,267.291,0.718,1.41,35,4925,0.64,300.874
Kepler-63 b,Kepler-63,0,9.4341505,0.08,6.11,120,5576,0.9,194.033
Kepler-68 b,Kepler-68,0,5.398763,0.0617,2.31,8.3,5793,1.24,144.166
Kepler-68 c,Kepler-68,0,9.605085,0.09059,0.953,4.8,5793,1.24,144.166
Kepler-7 b,Kepler-7,0,4.8854922,0.06324,18.484,143.97699,5933,2.03,922.562
Kepler-7 b,Kepler-7,0,4.8854892,0.06067,18.181,140.16303,5933,1.97,922.562
Kepler-7 b,Kepler-7,0,4.885525,0.06224,16.567,137.615,5933,1.84,922.562
Kepler-7 b,Kepler-7,0,4.8854948,0.0613,17.957,135.07775,5933,1.97,922.562
Kepler-7 b,Kepler-7,0,4.8854886,0.0633,18.484,142.70567,5933,2.03,922.562
Kepler-74 b,Kepler-74,0,7.340711,0.07813,10.761,191.96932,6000,1.12,1177.55
Kepler-74 b,Kepler-74,0,7.340711,0.0781,10.76,200.22,6000,1.12,1177.55
Kepler-74 b,Kepler-74,0,7.340718,0.084,14.8,216.12,6050,1.51,1177.55
Kepler-75 b,Kepler-75,0,8.8849116,0.0817,11.769,3210.083,5200,0.89,835.356
Kepler-75 b,Kepler-75,0,8.884924,0.08,11.55,3146.4,5330,0.88,835.356
Kepler-75 b,Kepler-75,0,8.8849116,0.0818,11.77,3209.9,5200,0.89,835.356
Kepler-76 b,Kepler-76,0,1.5449287,0.0278,14.011,635.66,6409,1.32,822.96
Kepler-76 b,Kepler-76,0,1.5449298,0.0274,15.244,638.8383,6409,1.32,822.96
Kepler-77 b,Kepler-77,0,3.5787806,0.047,10.76,225.65,5668,0.99,639.411
Kepler-77 b,Kepler-77,0,3.57878087,0.04501,10.761,136.661,5520,0.99,639.411
Kepler-77 b,Kepler-77,0,3.57878087,0.04502,10.761,165.90726,5520,0.99,639.411
Kepler-79 b,Kepler-79,0,13.4845,0.117,3.47,10.9,6174,1.3,1020.72
Kepler-79 c,Kepler-79,0,27.4029,0.187,3.72,5.9,6174,1.3,1020.72
Kepler-79 d,Kepler-79,0,52.0902,0.287,7.16,6,6174,1.3,1020.72
Kepler-79 e,Kepler-79,0,81.0659,0.386,3.49,4.1,6174,1.3,1020.72
Kepler-8 b,Kepler-8,0,3.52254,0.0483,15.906,191.643,6213,1.49,1021.87
Kepler-8 b,Kepler-8,0,3.5225047,0.0485,15.48,187.5197,6213,1.5,1021.87
Kepler-8 b,Kepler-8,0,3.5224991,0.0474,15.872,187.5197,6213,1.49,1021.87
Kepler-8 b,Kepler-8,0,3.52249905,0.04835,15.906,177.9848,6210,1.49,1021.87
Kepler-80 b,Kepler-80,0,7.05246,0.0648,2.67,6.93,4540,0.68,369.451
Kepler-80 c,Kepler-80,0,9.52355,0.0792,2.74,6.74,4540,0.68,369.451
Kepler-80 d,Kepler-80,0,3.07222,0.0372,1.53,6.75,4540,0.68,369.451
Kepler-80 e,Kepler-80,0,4.64489,0.0491,1.6,4.13,4540,0.68,369.451
Kepler-87 b,Kepler-87,0,114.73635,0.481,13.49,324.2,5600,1.82,1232.9
Kepler-87 c,Kepler-87,0,191.2318,0.676,6.14,6.4,5600,1.82,1232.9
Kepler-9 b,Kepler-9,0,19.24,0.14,9.438,80.09,5754,1.05,628.257
Kepler-9 b,Kepler-9,0,19.23891,0.143,8.29,43.4,5774,0.96,628.257
Kepler-9 c,Kepler-9,0,38.91,0.225,9.225,54.347,5754,1.05,628.257
Kepler-9 c,Kepler-9,0,38.9853,0.227,8.08,29.9,5774,0.96,628.257
Kepler-91 b,Kepler-91,0,6.24658,0.0731,15.323,257.4423,4550,6.3,1294.69
Kepler-91 b,Kepler-91,0,6.24658,0.072,15.513,279.68,4550,6.3,1294.69
Kepler-93 b,Kepler-93,0,4.72673978,0.053,1.478,4.02,5655,0.92,95.9115
L 168-9 b,L 168-9,0,1.4015,0.02091,1.39,4.6,3800,0.6,25.1496
L 98-59 b,L 98-59,0,2.2531,0.02282,0.8,1.01,3412,0.31,10.6194
L 98-59 b,L 98-59,0,2.2531136,0.02191,0.85,0.4,3415,0.3,10.6194
L 98-59 c,L 98-59,0,3.6906777,0.0304,1.385,2.22,3415,0.3,10.6194
L 98-59 c,L 98-59,0,3.6904,0.0317,1.35,2.42,3412,0.31,10.6194
L 98-59 d,L 98-59,0,7.4507245,0.0486,1.521,1.94,3415,0.3,10.6194
L 98-59 d,L 98-59,0,7.4512,0.0506,1.57,2.31,3412,0.31,10.6194
LHS 1140 b,LHS 1140,0,24.73694,0.0957,1.635,6.38,2988,0.21,14.9861
LHS 1140 b,LHS 1140,0,24.736959,0.0936,1.727,6.98,3216,0.21,14.9861
LHS 1140 b,LHS 1140,0,24.73712,0.0875,1.43,6.65,3131,0.19,14.9861
LHS 1140 c,LHS 1140,0,3.77792,0.02734,1.169,1.76,2988,0.21,14.9861
LHS 1140 c,LHS 1140,0,3.777931,0.02675,1.282,1.81,3216,0.21,14.9861
LHS 1478 b,LHS 1478,0,1.9495378,0.01848,1.242,2.33,3381,0.25,18.2276
LHS 1678 b,LHS 1678,0,0.8602322,0.01251,0.696,0.35,3490,0.33,19.8782
LHS 1678 c,LHS 1678,0,3.694247,0.0331,0.982,1.4,3490,0.33,19.8782
LHS 1815 b,LHS 1815,0,3.81433,0.0404,1.088,8.7,3643,0.5,29.8424
LP 714-47 b,LP 714-47,0,4.052037,0.0417,4.7,30.8,3950,0.58,52.616
LTT 1445 A b,LTT 1445 A,0,5.3587657,0.03813,1.305,2.87,3340,0.27,6.86929
LTT 1445 A b,LTT 1445 A,0,5.35882,0.03807,1.38,2.2,3337,0.28,6.86929
LTT 1445 A c,LTT 1445 A,0,3.1239035,0.02661,1.147,1.54,3340,0.27,6.86929
LTT 3780 b,LTT 3780,0,0.768377,0.01203,1.35,2.34,3360,0.38,21.9814
LTT 3780 b,LTT 3780,0,0.768448,0.01211,1.332,2.62,3331,0.37,21.9814
LTT 3780 c,LTT 3780,0,12.2519,0.07673,2.3,8.6,3331,0.37,21.9814
LTT 3780 c,LTT 3780,0,12.252131,0.0762,2.42,6.29,3360,0.38,21.9814
LTT 9779 b,LTT 9779,0,0.792052,0.01679,4.72,29.32,5443,0.95,80.4373
Lupus-TR-3 b,Lupus-TR-3,0,3.91405,0.0464,9.976,257.431,5000,0.82,773.409
MASCARA-1 b,MASCARA-1,0,2.14878,0.043,16.814,1175.971,7554,2.1,182.273
MASCARA-4 b,MASCARA-4,0,2.82406,0.047,17.15,985.273,7800,1.92,170.696
NGTS-1 b,NGTS-1,0,2.647298,0.0326,14.908,258.07796,3916,0.57,218.121
NGTS-11 b,NGTS-11,0,35.45533,0.201,9.158,109.33352,5050,0.83,190.422
NGTS-12 b,NGTS-12,0,7.532806,0.0757,11.747,66.10864,5690,1.59,446.442
NGTS-13 b,NGTS-13,0,4.119027,0.0549,12.801,1538.2972,5819,1.79,647.595
NGTS-14 A b,NGTS-14 A,0,3.5357173,0.0403,4.977,29.24036,5187,0.84,322.148
NGTS-15 b,NGTS-15,0,3.27623,0.0441,12.33,238.68913,5600,0.95,786.485
NGTS-16 b,NGTS-16,0,4.84532,0.0523,14.572,211.99155,5550,1.21,898.168
NGTS-17 b,NGTS-17,0,3.24253,0.0391,13.899,242.8209,5650,1.34,1040.28
NGTS-18 b,NGTS-18,0,3.05125,0.0448,13.563,129.99182,5610,1.39,1096.19
NGTS-2 b,NGTS-2,0,4.511164,0.063,17.878,235.1942,6478,1.7,356.391
NGTS-20 b,NGTS-20,0,54.18915,0.313,11.994,947.12865,5980,1.78,382.898
NGTS-3 A b,NGTS-3 A,0,1.6753728,0.023,16.589,756.4354,5600,0.93,743.972
NGTS-4 b,NGTS-4,0,1.3373508,0.019,3.18,20.6,5143,0.84,280.555
NGTS-5 b,NGTS-5,0,3.3569866,0.0382,12.733,72.78307,4987,0.74,306.779
NGTS-6 b,NGTS-6,0,0.882059,0.01677,14.863,425.57437,4730,0.75,308.262
NGTS-8 b,NGTS-8,0,2.4997,0.035,12.218,295.5819,5241,0.98,428.976
NGTS-9 b,NGTS-9,0,4.43527,0.058,11.994,921.707,6330,1.38,609.128
OGLE-TR-10 b,OGLE-TR-10,0,3.101278,0.0434,14.011,197.046,5950,1.17,1344.97
OGLE-TR-10 b,OGLE-TR-10,0,3.101278,0.0435,14.011,359.1479,5950,1.17,1344.97
OGLE-TR-10 b,OGLE-TR-10,0,3.101386,0.04162,13.899,181.1631,5750,1,1344.97
OGLE-TR-10 b,OGLE-TR-10,0,3.101278,0.04516,19.279,216.1244,6075,1.52,1344.97
OGLE-TR-111 b,OGLE-TR-111,0,4.0144479,0.04651,12.072,171.6282,5044,0.84,1068.33
OGLE-TR-111 b,OGLE-TR-111,0,4.0161,0.047,11.209,168.4499,5070,0.85,1068.33
OGLE-TR-111 b,OGLE-TR-111,0,4.0161,0.04689,11.781,174.799,5040,0.83,1068.33
OGLE-TR-111 b,OGLE-TR-111,0,4.0144477,0.04689,11.781,247.9074,5040,0.83,1068.33
OGLE-TR-111 b,OGLE-TR-111,0,4.0144477,0.04676,11.332,174.8065,5044,0.82,1068.33
OGLE-TR-113 b,OGLE-TR-113,0,1.43247425,0.02265,12.195,390.9309,4790,0.77,566.459
OGLE-TR-113 b,OGLE-TR-113,0,1.4324757,0.02278,12.453,394.1092,4804,0.78,566.459
OGLE-TR-113 b,OGLE-TR-113,0,1.4325,0.0228,12.106,429.0705,4752,0.77,566.459
OGLE-TR-113 b,OGLE-TR-113,0,1.4324758,0.02299,12.218,343.2564,4800,0.78,566.459
OGLE-TR-113 b,OGLE-TR-113,0,1.4324757,0.0229,12.218,419.5356,4750,0.77,566.459
OGLE-TR-113 b,OGLE-TR-113,0,1.43247425,0.0229,12.251,432.2488,4790,0.77,566.459
OGLE-TR-113 b,OGLE-TR-113,0,1.4324752,0.02289,12.251,400.449,4790,0.77,566.459
OGLE-TR-132 b,OGLE-TR-132,0,1.68965,0.0306,12.89,320.99,6411,1.41,2012.62
OGLE-TR-132 b,OGLE-TR-132,0,1.689868,0.03029,14.011,371.8611,6210,1.37,2012.62
OGLE-TR-132 b,OGLE-TR-132,0,1.68986531,0.03026,13.776,371.8611,6210,1.34,2012.62
OGLE-TR-132 b,OGLE-TR-132,0,1.689868,0.03035,13.45,375.02,6210,1.32,2012.62
OGLE-TR-132 b,OGLE-TR-132,0,1.68986531,0.03036,13.451,858.141,6210,1.32,2012.62
OGLE-TR-182 b,OGLE-TR-182,0,3.9791,0.05205,16.477,336.8998,5924,1.53,2501.75
OGLE-TR-182 b,OGLE-TR-182,0,3.9791,0.051,12.666,320.995,5924,1.14,2501.75
OGLE-TR-182 b,OGLE-TR-182,0,3.9791,0.05205,16.477,340.0781,5924,1.53,2501.75
OGLE-TR-211 b,OGLE-TR-211,0,3.67724,0.051,15.244,327.351,6325,1.64,1515.26
OGLE-TR-211 b,OGLE-TR-211,0,3.67724,0.05105,14.146,238.3725,6325,1.56,1515.26
OGLE-TR-211 b,OGLE-TR-211,0,3.67724,0.05106,14.146,216.1244,6325,1.56,1515.26
OGLE2-TR-L9 b,OGLE2-TR-L9,0,2.485533,0.0404,18.091,1379.3822,6933,1.5,1627.63
OGLE2-TR-L9 b,OGLE2-TR-L9,0,2.4855335,0.0308,18.046,1430.175,6933,1.53,1627.63
OGLE2-TR-L9 b,OGLE2-TR-L9,0,2.48553417,0.04047,18.304,1398.452,6933,1.5,1627.63
PDS 70 b,PDS 70,0,43500,22,14.572,2542.64,3972,1.26,113.064
PH1 b,PH1,0,138.317,0.652,6.18,169,6407,1.73,1033.16
POTS-1 b,POTS-1,0,3.1606296,0.03734,10.548,734.16,4400,0.59,747.959
Qatar-1 b,Qatar-1,0,1.42002504,0.02343,13.227,422.7139,4910,0.8,185.615
Qatar-1 b,Qatar-1,0,1.42002504,0.02343,13.227,419.85343,4910,0.8,185.615
Qatar-1 b,Qatar-1,0,1.420033,0.02343,13.047,346.42,4861,0.82,185.615
Qatar-1 b,Qatar-1,0,1.42002586,0.02313,12.801,410.95419,4910,0.8,185.615
Qatar-1 b,Qatar-1,0,1.4200242,0.02332,12.812,411.27202,5013,0.8,185.615
Qatar-10 b,Qatar-10,0,1.645321,0.0286,17.295,233.92288,6124,1.25,559.068
Qatar-2 b,Qatar-2,0,1.33711655,0.0216,12.89,826.358,4645,0.71,181.374
Qatar-2 b,Qatar-2,0,1.33711647,0.02153,14.056,785.0401,4645,0.78,181.374
Qatar-2 b,Qatar-2,0,1.33711647,0.02153,14.056,792.635,4645,0.78,181.374
Qatar-2 b,Qatar-2,0,1.3371182,0.02149,12.823,790.41,4645,0.71,181.374
Qatar-3 b,Qatar-3,0,2.5079204,0.03783,12.285,1369.8473,6007,1.27,735.601
Qatar-4 b,Qatar-4,0,1.8053564,0.02803,12.722,1938.763,5215,0.85,329.036
Qatar-5 b,Qatar-5,0,2.8792319,0.04127,12.408,1373.0256,5747,1.08,367.658
Qatar-6 b,Qatar-6,0,3.506195,0.0423,11.904,212.31044,5052,0.72,100.848
Qatar-7 b,Qatar-7,0,2.032046,0.0352,19.055,597.5204,6387,1.56,705.981
Qatar-8 b,Qatar-8,0,3.71495,0.0474,14.404,117.91493,5738,1.31,281.498
Qatar-9 b,Qatar-9,0,1.540731,0.0234,11.31,378.2177,4309,0.7,213.771
TIC 172900988 b,TIC 172900988 Aa,0,200.452,0.90281,11.25,942,6050,1.38,250.956
TIC 172900988 b,TIC 172900988 Aa,0,193.965,0.88328,11.3,837,6050,1.38,250.956
TIC 172900988 b,TIC 172900988 Aa,0,204.046,0.91359,11.27,981.3,6050,1.38,250.956
TIC 172900988 b,TIC 172900988 Aa,0,190.375,0.87235,11.15,845.7,6050,1.38,250.956
TIC 172900988 b,TIC 172900988 Aa,0,198.856,0.89809,11.2,869.7,6050,1.38,250.956
TIC 172900988 b,TIC 172900988 Aa,0,188.835,0.86762,11.24,823.9,6050,1.38,250.956
TIC 237913194 b,TIC 237913194,0,15.168865,0.1207,12.52,617.22586,5788,1.09,306.063
TOI-1062 b,TOI-1062,0,4.11296,0.052,2.265,10.15,5328,0.84,82.1733
TOI-1064 b,TOI-1064,0,6.443868,0.06152,2.587,13.5,4734,0.73,68.0726
TOI-1064 c,TOI-1064,0,12.226574,0.09429,2.651,2.5,4734,0.73,68.0726
TOI-1107 b,TOI-1107,0,4.0782387,0.0561,14.572,1064.72516,6311,1.81,281.314
TOI-1130 c,TOI-1130,0,8.350381,0.07098,16.814,309.56642,4250,0.69,58.2609
TOI-1201 b,TOI-1201,0,2.4919863,0.0287,2.415,6.28,3476,0.51,37.8871
TOI-1231 b,TOI-1231,0,24.245586,0.1288,3.65,15.4,3553,0.48,27.6227
TOI-1235 b,TOI-1235,0,3.444729,0.03845,1.738,6.91,3872,0.63,39.6345
TOI-1235 b,TOI-1235,0,3.444717,0.03826,1.694,5.9,3997,0.62,39.6345
TOI-1246 b,TOI-1246,0,4.30744,0.049,3.01,8.1,5151,0.86,169.422
TOI-1246 c,TOI-1246,0,5.904144,0.061,2.51,8.8,5151,0.86,169.422
TOI-1246 d,TOI-1246,0,18.6559,0.131,3.51,5.3,5151,0.86,169.422
TOI-1246 e,TOI-1246,0,37.9216,0.211,3.78,14.8,5151,0.86,169.422
TOI-125 b,TOI-125,0,4.65382,0.05186,2.726,9.5,5320,0.85,111.059
TOI-125 c,TOI-125,0,9.15059,0.0814,2.759,6.63,5320,0.85,111.059
TOI-125 d,TOI-125,0,19.98,0.137,2.93,13.6,5320,0.85,111.059
TOI-1259 A b,TOI-1259 A,0,3.477978,0.0407,11.456,140.16233,4775,0.71,118.106
TOI-1260 b,TOI-1260,0,3.12748,0.0366,2.34,8.6,4227,0.65,73.5977
TOI-1260 c,TOI-1260,0,7.49325,0.0656,2.82,11.8,4227,0.65,73.5977
TOI-1266 b,TOI-1266,0,10.894843,0.0736,2.37,13.5,3600,0.42,36.0118
TOI-1266 b,TOI-1266,0,10.894879,0.0745,2.458,15.9,3573,0.42,36.0118
TOI-1266 c,TOI-1266,0,18.80151,0.1058,1.56,2.2,3600,0.42,36.0118
TOI-1266 c,TOI-1266,0,18.80152,0.1037,1.673,6.4,3573,0.42,36.0118
TOI-1268 b,TOI-1268,0,8.1577094,0.0711,9.1,96.4,5300,0.92,109.557
TOI-1272 b,TOI-1272,0,3.31599,0.0412,4.14,24.6,4985,0.79,137.572
TOI-1278 b,TOI-1278,0,14.47567,0.095,12.218,5879.82553,3799,0.57,75.5759
TOI-1296 b,TOI-1296,0,3.9443715,0.0497,13.798,94.71287,5603,1.66,323.265
TOI-1298 b,TOI-1298,0,4.537164,0.059,9.427,113.14691,5889,1.41,319.036
TOI-132 b,TOI-132,0,2.1097019,0.026,3.42,22.4,5397,0.9,163.678
TOI-1333 b,TOI-1333,0,4.720219,0.0626,15.648,753.2571,6274,1.93,200.492
TOI-1338 b,TOI-1338,0,95.174,0.4607,6.85,33,6050,1.33,399.017
TOI-1422 b,TOI-1422,0,12.9972,0.108,3.96,9,5840,1.02,155.141
TOI-1431 b,TOI-1431,0,2.650237,0.046,16.701,991.62463,7690,1.92,148.925
TOI-1478 b,TOI-1478,0,10.180249,0.0903,11.882,270.47333,5597,1.05,152.892
TOI-150.01,TOI-150,0,5.857487,0.07037,14.067,797.7533,6255,1.53,336.267
TOI-150.01,TOI-150,0,5.857342,0.0583,15.468,556.2025,6003,1.55,336.267
TOI-1518 b,TOI-1518,0,1.902603,0.0389,21.017,731.00534,7300,1.95,225.888
TOI-157 b,TOI-157,0,2.0845435,0.03138,14.415,375.0394,5404,1.17,355.683
TOI-1601 b,TOI-1601,0,5.331751,0.06864,13.888,314.6517,5948,2.19,336.608
TOI-163 b,TOI-163,0,4.231306,0.058,16.69,387.7526,6495,1.65,411.719
TOI-1634 b,TOI-1634,0,0.989343,0.01545,1.79,4.91,3550,0.45,35.2736
TOI-1634 b,TOI-1634,0,0.9893436,0.0149,1.749,10.14,3472,0.45,35.2736
TOI-1670 b,TOI-1670,0,10.98462,0.103,2.06,41.31769,6170,1.32,168.067
TOI-1670 c,TOI-1670,0,40.74976,0.249,11.063,200.2319,6170,1.32,168.067
TOI-1685 b,TOI-1685,0,0.6691416,0.011557,1.459,3.43,3461,0.46,37.6153
TOI-169 b,TOI-169,0,2.2554477,0.03524,12.173,251.40353,5880,1.29,407.84
TOI-1696 b,TOI-1696,0,2.50031,0.0235,3.24,56.6,3168,0.29,64.9172
TOI-1696 b,TOI-1696,0,2.500311,0.0229,3.09,48.8,3185,0.28,64.9172
TOI-1710 b,TOI-1710,0,24.283429,0.16,5.34,28.3,5665,0.97,81.2271
TOI-172 b,TOI-172,0,9.47725,0.0914,10.817,1722.6386,5645,1.78,342.831
TOI-1728 b,TOI-1728,0,3.49151,0.0391,5.05,26.78,3980,0.62,60.798
TOI-1749 b,TOI-1749,0,2.38839,0.0291,1.39,57,3985,0.55,99.5561
TOI-1749 c,TOI-1749,0,4.4929,0.0443,2.12,14,3985,0.55,99.5561
TOI-1749 d,TOI-1749,0,9.0497,0.0707,2.52,15,3985,0.55,99.5561
TOI-1759 b,TOI-1759,0,18.85019,0.1177,3.14,10.8,4065,0.6,40.0654
TOI-1759 b,TOI-1759,0,18.849975,0.1176,3.06,6.8,3972,0.63,40.0654
TOI-178 b,TOI-178,0,1.914558,0.02607,1.152,1.5,4316,0.65,62.699
TOI-178 c,TOI-178,0,3.23845,0.037,1.669,4.77,4316,0.65,62.699
TOI-178 d,TOI-178,0,6.5577,0.0592,2.572,3.01,4316,0.65,62.699
TOI-178 e,TOI-178,0,9.961881,0.0783,2.207,3.86,4316,0.65,62.699
TOI-178 f,TOI-178,0,15.231915,0.1039,2.287,7.72,4316,0.65,62.699
TOI-178 g,TOI-178,0,20.7095,0.1275,2.87,3.94,4316,0.65,62.699
TOI-1789 b,TOI-1789,0,3.208664,0.04882,16.141,222.47988,5991,2.17,229.067
TOI-1807 b,TOI-1807,0,0.549374,0.012,1.37,2.57,4730,0.69,42.5775
TOI-1842 b,TOI-1842,0,9.5739,0.1001,11.657,68.01528,6230,2.02,223.465
TOI-1899 b,TOI-1899,0,29.02,0.1587,12.89,209.7678,3841,0.61,128.438
TOI-201 b,TOI-201,0,52.97818,0.3,11.299,133.4886,6394,1.32,113.825
TOI-2109 b,TOI-2109,0,0.67247414,0.01791,15.098,1595.4986,6540,1.7,262.041
TOI-2136 b,TOI-2136,0,7.85191,0.054,2.09,15,3366,0.34,33.3631
TOI-2136 b,TOI-2136,0,7.851928,0.057,2.19,6.37,3342,0.34,33.3631
TOI-2136 b,TOI-2136,0,7.851925,0.0533,2.2,4.7,3373,0.34,33.3631
TOI-216.01,TOI-216,0,34.556,0.2069,11.29,200,5026,0.84,177.945
TOI-216.02,TOI-216,0,17.089,0.1293,7.69,30,5026,0.84,177.945
TOI-2180 b,TOI-2180,0,260.79,0.828,11.321,875.61726,5695,1.64,116.685
TOI-220 b,TOI-220,0,10.695264,0.08911,3.03,13.8,5298,0.86,90.7402
TOI-2202 b,TOI-2202,0,11.9101,0.09564,11.321,310.83618,5144,0.79,235.933
TOI-2285 b,TOI-2285,0,27.26955,0.1363,1.74,19.5,3491,0.46,42.409
TOI-251 b,TOI-251,0,4.93777,0.05741,2.74,317.83,5875,0.88,99.523
TOI-257 b,TOI-257,0,18.38818,0.1528,7.163,43.86032,6095,1.87,76.9028
TOI-269 b,TOI-269,0,3.6977104,0.0345,2.77,8.8,3514,0.4,57.0225
TOI-270 b,TOI-270,0,3.3601538,0.03197,1.206,1.58,3506,0.38,22.4793
TOI-270 c,TOI-270,0,5.6605731,0.04526,2.355,6.15,3506,0.38,22.4793
TOI-270 d,TOI-270,0,11.379573,0.0721,2.133,4.78,3506,0.38,22.4793
TOI-3362 b,TOI-3362,0,18.09547,0.153,12.801,1598.35906,6532,1.83,366.987
TOI-3629 b,TOI-3629,0,3.936551,0.043,8.295,82.63539,3870,0.6,130.091
TOI-3714 b,TOI-3714,0,2.154849,0.027,11.321,222.47988,3660,0.51,112.71
TOI-421 b,TOI-421,0,5.19672,0.056,2.68,7.17,5325,0.87,74.7969
TOI-421 c,TOI-421,0,16.06819,0.1189,5.09,16.42,5325,0.87,74.7969
TOI-431 b,TOI-431,0,0.490047,0.0113,1.28,3.07,4850,0.73,32.5686
TOI-431 d,TOI-431,0,12.46103,0.098,3.29,9.9,4850,0.73,32.5686
TOI-481 b,TOI-481,0,10.33111,0.097,11.097,486.2799,5735,1.66,179.366
TOI-500 b,TOI-500,0,0.548177,0.01189,1.166,1.42,4440,0.68,47.3924
TOI-5153 b,TOI-5153,0,20.33003,0.158,11.882,1036.12061,6300,1.4,390.484
TOI-519 b,TOI-519,0,1.2652328,0.012,11.994,4449.62,3350,0.37,115.557
TOI-530 b,TOI-530,0,6.387597,0.052,9.303,127.13136,3659,0.54,148.762
TOI-532 b,TOI-532,0,2.3266508,0.0296,5.82,61.5,3927,0.61,135.047
TOI-558 b,TOI-558,0,14.574071,0.1291,12.173,1147.36055,6466,1.5,402.63
TOI-559 b,TOI-559,0,6.9839095,0.0723,12.229,1910.14873,5925,1.23,233.266
TOI-561 b,TOI-561,0,0.446573,0.01064,1.45,3.2,5326,0.83,85.799
TOI-561 b,TOI-561,0,0.446578,0.01055,1.423,1.59,5455,0.85,85.799
TOI-561 c,TOI-561,0,10.779,0.08809,2.878,5.4,5455,0.85,85.799
TOI-561 c,TOI-561,0,10.77892,0.0888,2.9,7,5326,0.83,85.799
TOI-561 d,TOI-561,1,25.62,0.1569,2.53,11.95,5455,0.85,85.799
TOI-561 e,TOI-561,1,77.23,0.3274,2.67,16,5455,0.85,85.799
TOI-561 f,TOI-561,1,16.287,0.1174,2.32,3,5326,0.83,85.799
TOI-564 b,TOI-564,0,1.651144,0.02734,11.433,464.98529,5640,1.09,199.581
TOI-628 b,TOI-628,0,3.4095675,0.0486,11.882,2011.8639,6250,1.34,178.68
TOI-640 b,TOI-640,0,5.0037775,0.06608,19.851,279.6904,6460,2.08,341.997
TOI-674 b,TOI-674,0,1.977143,0.025,5.25,23.6,3514,0.42,46.0851
TOI-677 b,TOI-677,0,11.2366,0.1038,13.115,392.83788,6295,1.28,141.812
TOI-763 b,TOI-763,0,5.6057,0.06,2.28,9.79,5450,0.9,95.1274
TOI-763 c,TOI-763,0,12.2737,0.1011,2.63,9.32,5450,0.9,95.1274
TOI-776 b,TOI-776,0,8.24661,0.0652,1.85,4,3709,0.54,27.1701
TOI-776 c,TOI-776,0,15.6653,0.1,2.02,5.3,3709,0.54,27.1701
TOI-824 b,TOI-824,0,1.392978,0.02177,2.926,18.467,4600,0.69,63.9262
TOI-849 b,TOI-849,0,0.76552414,0.01598,3.444,39.09,5373.8,0.92,225.734
TOI-892 b,TOI-892,0,10.62656,0.092,11.994,301.9385,6261,1.39,340.543
TOI-905 b,TOI-905,0,3.739494,0.04666,13.126,211.99261,5570,0.92,158.649
TOI-942 b,TOI-942,0,4.32419,0.04796,4.81,826.358,4928,1.02,152.601
TOI-942 b,TOI-942,0,4.3263,0.0498,4.242,16,4969,0.89,152.601
TOI-942 c,TOI-942,0,10.15643,0.0847,5.79,794.575,4928,1.02,152.601
TOI-942 c,TOI-942,0,10.1605,0.088,4.793,37,4969,0.89,152.601
TOI-954 b,TOI-954,0,3.6849729,0.04963,9.55,55.30242,5710,1.89,238.768
TrES-1 b,TrES-1,0,3.030065,0.0393,12.11,238.36,5250,0.85,159.658
TrES-1 b,TrES-1,0,3.030065,0.03925,11.96,238.998,5230,0.81,159.658
TrES-1 b,TrES-1,0,3.03006973,0.03926,11.96,221.52751,5230,0.81,159.658
TrES-1 b,TrES-1,0,3.0300728,0.03946,12.319,241.86863,5226,0.82,159.658
TrES-2 b,TrES-2,0,2.4706132,0.03503,13.025,457.6752,5850,0.95,215.32
TrES-2 b,TrES-2,0,2.47061337,0.03557,13.72,385.20996,5850,1,215.32
TrES-2 b,TrES-2,0,2.47061317,0.0367,13.978,380.44251,5850,1,215.32
TrES-2 b,TrES-2,0,2.47063,0.03556,14.258,381.1,5854,1.02,215.32
TrES-2 b,TrES-2,0,2.47063,0.03558,13.72,381.396,5850,1,215.32
TrES-2 b,TrES-2,0,2.4706101,0.03635,14.135,398.24099,5795,1,215.32
TrES-2 b,TrES-2,0,2.47061323,0.03567,13.372,383.30298,5850,0.96,215.32
TrES-2 b,TrES-2,0,2.47063,0.0367,13.899,406.8224,5960,1,215.32
TrES-2 b,TrES-2,0,2.47061892,0.03563,13.305,382.03166,5850,0.95,215.32
TrES-3 b,TrES-3,0,1.306187,0.02276,14.684,603.55917,5650,0.82,231.337
TrES-3 b,TrES-3,0,1.3061864,0.02283,14.628,607.0553,5650,0.82,231.337
TrES-3 b,TrES-3,0,1.30619,0.0226,14.516,610.2336,5720,0.8,231.337
TrES-3 b,TrES-3,0,1.30619,0.02272,14.706,615.95454,5650,0.81,231.337
TrES-3 b,TrES-3,0,1.30618581,0.02282,14.975,607.03,5650,0.83,231.337
TrES-3 b,TrES-3,0,1.30618648,0.02284,14.975,572.41183,5650,0.83,231.337
TrES-4 b,TrES-4,0,3.55392771,0.0516,20.602,157.00802,6295,1.81,515.98
TrES-4 b,TrES-4,0,3.55392771,0.05159,20.602,158.27934,6295,1.81,515.98
TrES-4 b,TrES-4,0,3.553945,0.04965,20.288,278.73691,6200,1.92,515.98
TrES-4 b,TrES-4,0,3.553945,0.05092,19.627,292.4036,6200,1.82,515.98
TrES-4 b,TrES-4,0,3.553945,0.05091,20.165,292.073,6184,2.01,515.98
TrES-4 b,TrES-4,0,3.5539268,0.0502,19.448,285.09351,6200,1.83,515.98
TrES-5 b,TrES-5,0,1.4822446,0.02446,13.552,565.078,5171,0.87,360.313
TrES-5 b,TrES-5,0,1.48224686,0.02459,13.384,568.9157,5171,0.87,360.313
TrES-5 b,TrES-5,0,1.4822446,0.02452,13.552,568.9157,5171,0.87,360.313
WASP-1 b,WASP-1,0,2.519961,0.03898,16.634,273.3338,6110,1.46,393.072
WASP-1 b,WASP-1,0,2.5199448,0.03958,16.97,301.30284,6110,1.52,393.072
WASP-1 b,WASP-1,0,2.5199464,0.0392,16.735,311.4734,6213,1.47,393.072
WASP-1 b,WASP-1,0,2.51995,0.0382,21.633,282.8687,6200,1.24,393.072
WASP-10 b,WASP-10,0,3.09272932,0.0378,11.96,1020.2343,4680,0.7,140.998
WASP-10 b,WASP-10,0,3.0927636,0.0369,14.348,940.7768,4675,0.78,140.998
WASP-10 b,WASP-10,0,3.0927616,0.03781,12.106,1001.12,4675,0.7,140.998
WASP-10 b,WASP-10,0,3.0927616,0.0378,11.96,1004.3428,4675,0.7,140.998
WASP-100 b,WASP-100,0,2.849375,0.04574,18.943,638.8383,6900,2,364.411
WASP-101 b,WASP-101,0,3.585722,0.0506,15.8,158.91,6400,1.29,201.224
WASP-101 b,WASP-101,0,3.585722,0.05057,15.805,157.96151,6380,1.29,201.224
WASP-103 b,WASP-103,0,0.925542,0.01985,17.127,473.5667,6110,1.44,375.647
WASP-103 b,WASP-103,0,0.9255456,0.01987,17.127,462.44265,6110,1.44,375.647
WASP-103 b,WASP-103,0,0.925542,0.01985,17.127,473.547,6110,1.44,375.647
WASP-104 b,WASP-104,0,1.7554137,0.02918,12.745,404.263,5475,0.96,185.932
WASP-104 b,WASP-104,0,1.7554137,0.0292,12.745,403.00844,5450,0.96,185.932
WASP-105 b,WASP-105,0,7.87288,0.075,10.761,572.094,5070,0.9,169.272
WASP-106 b,WASP-106,0,9.289715,0.0917,12.162,611.797,6055,1.39,352.181
WASP-106 b,WASP-106,0,9.289715,0.0917,12.162,606.73747,6000,1.39,352.181
WASP-107 b,WASP-107,0,5.72149,0.055,10.536,38.1396,4430,0.66,64.7414
WASP-107 b,WASP-107,0,5.7214742,0.0558,10.626,38.1396,4430,0.66,64.7414
WASP-11 b,WASP-11,0,3.7224747,0.0435,11.265,154.777,4980,0.79,124.73
WASP-11 b,WASP-11,0,3.722465,0.043,10.2,168.4499,4800,0.74,124.73
WASP-11 b,WASP-11,0,3.7224793,0.04376,11.097,169.08556,4900,0.77,124.73
WASP-11 b,WASP-11,0,3.72247967,0.04375,11.097,156.37236,4900,0.77,124.73
WASP-113 b,WASP-113,0,4.54216875,0.05885,15.793,150.96925,5890,1.61,435.156
WASP-114 b,WASP-114,0,1.5487743,0.02851,15.009,562.24127,5940,1.43,523.337
WASP-117 b,WASP-117,0,10.02165,0.09459,11.444,87.5585,6038,1.17,157.963
WASP-117 b,WASP-117,0,10.02165,0.09464,11.444,87.75286,6040,1.17,157.963
WASP-118 b,WASP-118,0,4.0460435,0.05453,16.141,163.36462,6410,1.7,376.658
WASP-119 b,WASP-119,0,2.49979,0.0363,15.693,390.9309,5650,1.2,302.448
WASP-12 b,WASP-12,0,1.0914222,0.02309,20.456,454.4969,6250,1.62,427.246
WASP-12 b,WASP-12,0,1.0914203,0.0234,21.297,467.2101,6360,1.66,427.246
WASP-12 b,WASP-12,0,1.09142,0.0232,21.712,465.62095,6360,1.66,427.246
WASP-12 b,WASP-12,0,1.0914209,0.02312,20.456,441.7837,6250,1.62,427.246
WASP-12 b,WASP-12,0,1.091423,0.0229,20.1,448,6300,1.57,427.246
WASP-120 b,WASP-120,0,3.6112706,0.0514,16.511,1541.4755,6450,1.87,381.174
WASP-121 b,WASP-121,0,1.2749255,0.02544,20.905,375.99289,6459,1.46,269.898
WASP-123 b,WASP-123,0,2.9776412,0.04263,14.773,285.72917,5740,1.28,197.996
WASP-124 b,WASP-124,0,3.37265,0.0449,13.899,190.698,6050,1.02,448.637
WASP-126 b,WASP-126,0,3.2888,0.0449,10.761,88.9924,5800,1.27,216.526
WASP-127 b,WASP-127,0,4.178062,0.052,15.356,57.2094,5620,1.39,159.507
WASP-129 b,WASP-129,0,5.748145,0.0628,10.424,317.83,5900,0.9,301.462
WASP-13 b,WASP-13,0,4.353011,0.0558,17.127,166.86075,5830,1.66,227.537
WASP-13 b,WASP-13,0,4.353011,0.0557,17.127,162.72896,5826,1.66,227.537
WASP-130 b,WASP-130,0,11.55098,0.1012,9.976,390.9309,5625,0.96,172.256
WASP-131 b,WASP-131,0,5.322023,0.0607,13.675,85.8141,6030,1.53,200.075
WASP-132 b,WASP-132,0,7.133521,0.067,9.752,130.3103,4775,0.74,122.91
WASP-132 c,WASP-132,0,1.011534,0.0182,1.85,37.35,4714,0.75,122.91
WASP-133 b,WASP-133,0,2.176423,0.0345,13.563,368.6828,5700,1.44,559.084
WASP-135 b,WASP-135,0,1.4013794,0.0243,14.572,603.877,5675,0.96,298.214
WASP-136 b,WASP-136,0,5.215357,0.0661,15.468,479.9233,6260,2.21,275.587
WASP-138 b,WASP-138,0,3.634433,0.0494,12.218,387.7526,6272,1.36,414.234
WASP-139 b,WASP-139,0,5.924262,0.062,8.967,37.18611,5310,0.8,212.472
WASP-14 b,WASP-14,0,2.2437661,0.0372,18.304,2510.857,6475,1.67,161.997
WASP-14 b,WASP-14,0,2.2437655,0.037,13.899,2412.3297,6475,1.32,161.997
WASP-14 b,WASP-14,0,2.243752,0.036,14.36,2333,6475,1.31,161.997
WASP-14 b,WASP-14,0,2.2437661,0.0358,14.359,2294.7326,6480,1.31,161.997
WASP-140 b,WASP-140,0,2.2359835,0.0323,16.141,775.5052,5260,0.87,117.598
WASP-141 b,WASP-141,0,3.310651,0.0469,13.563,854.9627,5900,1.37,516.543
WASP-142 b,WASP-142,0,2.052868,0.0347,17.15,266.9772,6010,1.64,730.933
WASP-144 b,WASP-144,0,2.2783152,0.0316,9.528,139.8452,5200,0.81,355.513
WASP-145 A b,WASP-145 A,0,1.7690381,0.0261,10.088,282.8687,4900,0.68,91.299
WASP-147 b,WASP-147,0,4.60273,0.0549,12.498,87.40325,5702,1.43,436.098
WASP-148 b,WASP-148,0,8.80381,0.0845,8.093,92.48853,5460,1.03,246.353
WASP-15 b,WASP-15,0,3.7521,0.0499,15.457,175.12433,6300,1.44,282.091
WASP-15 b,WASP-15,0,3.7520656,0.0499,16.01,172,6300,1.48,282.091
WASP-15 b,WASP-15,0,3.75209748,0.0499,16.006,172.26386,6300,1.48,282.091
WASP-15 b,WASP-15,0,3.75209748,0.05165,15.782,188.15536,6405,1.52,282.091
WASP-150 b,WASP-150,0,5.644207,0.0694,11.994,2688.8418,6218,1.65,527.995
WASP-151 b,WASP-151,0,4.533471,0.055,12.666,98.5273,5871,1.14,453.099
WASP-153 b,WASP-153,0,3.332609,0.048,17.374,123.9537,5914,1.73,610.176
WASP-156 b,WASP-156,0,3.836169,0.0453,5.717,40.68224,4910,0.76,122.066
WASP-157 b,WASP-157,0,3.9516205,0.0529,11.938,182.43442,5838,1.13,334.037
WASP-158 b,WASP-158,0,3.656333,0.0517,11.994,886.7457,6350,1.39,524.993
WASP-159 b,WASP-159,0,3.840401,0.0538,15.468,174.8065,6120,2.11,715.383
WASP-16 b,WASP-16,0,3.1186009,0.0421,11.3,272,5700,0.95,194.134
WASP-16 b,WASP-16,0,3.1186068,0.0422,11.299,288.58964,5700,0.95,194.134
WASP-16 b,WASP-16,0,3.1186068,0.0415,13.653,264.43456,5630,1.09,194.134
WASP-160 B b,WASP-160 B,0,3.7684952,0.0452,12.218,88.35674,5298,0.87,288.326
WASP-161 b,WASP-161,0,5.4060425,0.0673,12.812,791.3967,6400,1.71,343.08
WASP-162 b,WASP-162,0,9.62468,0.0871,11.209,1652.716,5300,1.11,310.841
WASP-163 b,WASP-163,0,1.6096884,0.0266,13.473,594.3421,5500,1.01,261.386
WASP-164 b,WASP-164,0,1.7771255,0.02818,12.644,676.9779,5806,0.93,327.506
WASP-165 b,WASP-165,0,3.465509,0.04823,14.123,209.13214,5599,1.75,602.236
WASP-166 b,WASP-166,0,5.44354,0.0641,7.062,32.10083,6050,1.22,114.173
WASP-167 b,WASP-167,0,2.0219596,0.0365,17.71,2542.64,7000,1.79,423.552
WASP-168 b,WASP-168,0,4.153658,0.0519,16.814,133.4886,6000,1.12,303.941
WASP-169 b,WASP-169,0,5.6114118,0.0681,14.617,178.30263,6110,2.01,627.066
WASP-17 b,WASP-17,0,3.735438,0.0515,22.317,154.46538,6650,1.57,405.908
WASP-17 b,WASP-17,0,3.735433,0.05,22.261,143.97699,6650,1.58,405.908
WASP-17 b,WASP-17,0,3.7354417,0.051,19.5,156,6550,1.38,405.908
WASP-17 b,WASP-17,0,3.7354845,0.05151,22.317,162.72896,6650,1.57,405.908
WASP-170 b,WASP-170,0,2.34478022,0.0337,12.285,508.528,5600,0.94,305.603
WASP-171 b,WASP-171,0,3.8186244,0.0504,10.985,344.52772,5965,1.64,757.84
WASP-172 b,WASP-172,0,5.477433,0.0694,17.598,149.3801,6900,1.91,538.11
WASP-173 A b,WASP-173 A,0,1.38665318,0.0248,13.451,1172.7927,5800,1.11,232.98
WASP-173 A b,WASP-173 A,0,1.3866529,0.02508,14.404,1102.8701,5767,1.1,232.98
WASP-174 b,WASP-174,0,4.2337,0.0559,14.572,413.179,6400,1.31,410.149
WASP-174 b,WASP-174,0,4.2337005,0.05503,16.107,104.88337,6399,1.35,410.149
WASP-175 b,WASP-175,0,3.0652907,0.04403,13.54,314.6517,6229,1.2,539.36
WASP-176 b,WASP-176,0,3.899052,0.0535,16.87,271.74465,5941,1.93,568.42
WASP-177 b,WASP-177,0,3.071722,0.03957,17.71,161.45764,5017,0.89,176.818
WASP-178 b,WASP-178,0,3.3448412,0.0545,21.745,448.1403,8640,1.8,427.678
WASP-178 b,WASP-178,0,3.3448285,0.0558,20.288,527.5978,9360,1.67,427.678
WASP-18 b,WASP-18,0,0.94145223,0.02024,13.899,3241.84975,6432,1.32,123.483
WASP-18 b,WASP-18,0,0.94145181,0.02043,13.036,3299.0754,6455,1.23,123.483
WASP-18 b,WASP-18,0,0.9414523,0.0203,12.397,3241.866,6400,1.22,123.483
WASP-18 b,WASP-18,0,0.9414526,0.02087,13.35,3305.432,6431,1.26,123.483
WASP-18 b,WASP-18,0,0.9414529,0.0202,14.202,3213.2613,6400,1.36,123.483
WASP-18 b,WASP-18,0,0.94145181,0.02034,12.98,3270.4707,6400,1.22,123.483
WASP-180 A b,WASP-180 A,0,3.409264,0.048,13.899,286.047,6600,1.19,253.985
WASP-181 b,WASP-181,0,4.5195064,0.05427,13.271,95.03117,5839,0.96,437.495
WASP-182 b,WASP-182,0,3.3769848,0.0451,9.528,47.03884,5638,1.34,327.602
WASP-183 b,WASP-183,0,4.1117771,0.04632,16.477,159.55066,5313,0.87,325.377
WASP-184 b,WASP-184,0,5.1817,0.0627,14.908,181.1631,6000,1.65,663.231
WASP-185 b,WASP-185,0,9.38755,0.0904,14.011,311.4734,5900,1.5,279.35
WASP-186 b,WASP-186,0,5.026799,0.06,12.442,1341.2426,6361,1.47,278.514
WASP-187 b,WASP-187,0,5.147878,0.0653,18.383,254.264,6150,2.83,371.414
WASP-189 b,WASP-189,0,2.724033,0.05053,18.147,632.47853,8000,2.36,99.731
WASP-19 b,WASP-19,0,0.7888396,0.01649,14.684,367.72931,5500,0.94,268.325
WASP-19 b,WASP-19,0,0.78883899,0.01634,15.603,339.76027,5568,1,268.325
WASP-19 b,WASP-19,0,0.78883852,0.01652,15.861,366.77398,5616,1.01,268.325
WASP-19 b,WASP-19,0,0.78883942,0.01616,15.637,354.06262,5440,1,268.325
WASP-190 b,WASP-190,0,5.367753,0.0663,12.89,317.83,6400,1.6,542.251
WASP-192 b,WASP-192,0,2.8786765,0.0408,13.787,731.009,5910,1.32,508.885
WASP-2 b,WASP-2,0,2.1522254,0.0307,12.072,275.24078,5150,0.82,153.242
WASP-2 b,WASP-2,0,2.15222163,0.0314,12.005,293.99275,5200,0.84,153.242
WASP-2 b,WASP-2,0,2.152226,0.0307,10.705,279.68,5200,0.78,153.242
WASP-2 b,WASP-2,0,2.15222144,0.03033,11.691,269.20201,5150,0.81,153.242
WASP-2 b,WASP-2,0,2.152175,0.03144,12.117,295.89973,5180,0.87,153.242
WASP-2 b,WASP-2,0,2.15222144,0.03033,11.691,269.20201,5150,0.81,153.242
WASP-2 b,WASP-2,0,2.15226,0.03138,12.52,290.484,5200,0.84,153.242
WASP-2 b,WASP-2,0,2.152226,0.03138,12.005,290.802,5200,0.84,153.242
WASP-2 b,WASP-2,0,2.15222144,0.03092,11.915,279.6904,5170,0.82,153.242
WASP-20 b,WASP-20,0,4.8996284,0.05999,16.388,98.84513,5940,1.39,211.877
WASP-20 b,WASP-20,0,4.8996284,0.06,16.388,98.841,5940,1.39,211.877
WASP-21 b,WASP-21,0,4.3225126,0.05212,11.994,94.39551,5800,1.06,258.426
WASP-21 b,WASP-21,0,4.322506,0.0516,14.157,93.75985,5800,1.19,258.426
WASP-22 b,WASP-22,0,3.53269,0.0468,12.554,177.9848,6000,1.13,317.652
WASP-22 b,WASP-22,0,3.5327313,0.04698,12.98,186.876,5958,1.22,317.652
WASP-22 b,WASP-22,0,3.5327313,0.047,12.98,181.1631,6000,1.22,317.652
WASP-22 b,WASP-22,0,3.53273064,0.0489,13.44,196.10111,6153,1.25,317.652
WASP-23 b,WASP-23,0,2.9444256,0.0376,10.783,280.95,5150,0.77,207.49
WASP-23 b,WASP-23,0,2.94443,0.037,10.783,279.37257,5150,0.77,207.49
WASP-24 b,WASP-24,0,2.3412217,0.03607,14.572,336.8998,6080,1.33,322.114
WASP-24 b,WASP-24,0,2.34121242,0.03651,14.571,340.382,6075,1.33,322.114
WASP-24 b,WASP-24,0,2.3412217,0.03635,14.605,352.47347,6107,1.32,322.114
WASP-25 b,WASP-25,0,3.7648327,0.04738,13.675,182.43442,5750,0.92,211.416
WASP-25 b,WASP-25,0,3.764825,0.0473,13.675,184.3414,5750,0.92,211.416
WASP-25 b,WASP-25,0,3.7648327,0.04819,13.978,190.06234,5736,0.92,211.416
WASP-25 b,WASP-25,0,3.764825,0.0473,13.675,184.334,5703,0.92,211.416
WASP-26 b,WASP-26,0,2.7566004,0.03985,14.359,326.715,5939,1.3,252.759
WASP-26 b,WASP-26,0,2.7565972,0.03966,13.63,324.1866,6015,1.28,252.759
WASP-26 b,WASP-26,0,2.7565972,0.03997,14.796,329.90754,5950,1.34,252.759
WASP-26 b,WASP-26,0,2.7566,0.04,14.796,324.18498,5950,1.34,252.759
WASP-28 b,WASP-28,0,3.40884,0.0445,15.177,285.717,6084,1.12,348.494
WASP-28 b,WASP-28,0,3.40883,0.04469,13.597,288.26,6150,1.09,348.494
WASP-28 b,WASP-28,0,3.40883,0.04465,13.597,287.95398,6150,1.09,348.494
WASP-29 b,WASP-29,0,3.9227186,0.04566,8.878,77.86835,4800,0.81,87.5953
WASP-29 b,WASP-29,0,3.922727,0.0457,8.878,77.547,4800,0.81,87.5953
WASP-3 b,WASP-3,0,1.8468373,0.03185,15.872,645.1949,6400,1.37,231.161
WASP-3 b,WASP-3,0,1.846835,0.03187,16.298,654.7298,6400,1.38,231.161
WASP-3 b,WASP-3,0,1.846835,0.03151,14.5,559.357,6352,1.36,231.161
WASP-3 b,WASP-3,0,1.8468355,0.0315,15.693,629.3034,6400,1.36,231.161
WASP-3 b,WASP-3,0,1.846834,0.0317,14.684,559.3808,6400,1.31,231.161
WASP-3 b,WASP-3,0,1.8468351,0.03182,15.872,600.6987,6400,1.37,231.161
WASP-31 b,WASP-31,0,3.405886,0.04663,17.363,155.41887,6300,1.25,383.829
WASP-31 b,WASP-31,0,3.405909,0.04657,17.228,151.92274,6300,1.24,383.829
WASP-31 b,WASP-31,0,3.4059096,0.04659,17.363,151.916,6302,1.25,383.829
WASP-32 b,WASP-32,0,2.718659,0.0394,13.227,1144.14,6100,1.11,275.994
WASP-32 b,WASP-32,0,2.7186591,0.03904,12.33,1109.2267,6140,1.09,275.994
WASP-33 b,WASP-33,0,1.21987,0.0239,17.856,665.21819,7430,1.44,121.944
WASP-33 b,WASP-33,0,1.2198669,0.02555,16.78,1303,7430,1.44,121.944
WASP-34 b,WASP-34,0,4.3176782,0.0524,13.675,187.51,5700,0.93,132.096
WASP-34 b,WASP-34,0,4.3176782,0.0521,13.675,185.29489,5700,0.93,132.096
WASP-35 b,WASP-35,0,3.161575,0.04317,14.796,228.828,5990,1.09,202.218
WASP-35 b,WASP-35,0,3.161575,0.04313,14.796,222.79883,5990,1.09,202.218
WASP-36 b,WASP-36,0,1.5373653,0.02643,14.359,731.932,5959,0.95,386.346
WASP-36 b,WASP-36,0,1.53736596,0.02677,14.874,750.39663,5959,0.98,386.346
WASP-36 b,WASP-36,0,1.5373653,0.02643,14.359,729.73768,5900,0.95,386.346
WASP-37 b,WASP-37,0,3.577469,0.0447,13.002,546.6676,5800,1,392.791
WASP-37 b,WASP-37,0,3.577469,0.0446,13.002,572.07,5800,1,392.791
WASP-38 b,WASP-38,0,6.871815,0.07522,12.263,855.245,6150,1.33,136.24
WASP-38 b,WASP-38,0,6.871815,0.07584,12.218,841.61384,6180,1.35,136.24
WASP-39 b,WASP-39,0,4.055259,0.0486,14.235,88.989,5400,0.9,213.982
WASP-39 b,WASP-39,0,4.0552941,0.04828,14.336,89.31023,5485,0.94,213.982
WASP-39 b,WASP-39,0,4.0552947,0.04859,14.235,87.40325,5400,0.9,213.982
WASP-4 b,WASP-4,0,1.3382315,0.02329,15.368,409.68287,5500,0.91,267.206
WASP-4 b,WASP-4,0,1.33823144,0.02318,15.289,396.96967,5540,0.91,267.206
WASP-4 b,WASP-4,0,1.33823187,0.02312,15.838,393.139,5504,0.89,267.206
WASP-4 b,WASP-4,0,1.3382315,0.02307,15.211,393.15571,5500,0.91,267.206
WASP-4 b,WASP-4,0,1.3382299,0.0232,15.031,397.2875,5500,0.9,267.206
WASP-4 b,WASP-4,0,1.33823162,0.02287,14.908,371.8611,5436,0.92,267.206
WASP-4 b,WASP-4,0,1.33823147,0.0226,14.807,376.94638,5400,0.89,267.206
WASP-41 b,WASP-41,0,3.05240154,0.041,13.204,310.51991,5546,0.89,163.371
WASP-41 b,WASP-41,0,3.052404,0.04,13.227,298.7602,5545,0.87,163.371
WASP-41 b,WASP-41,0,3.052401,0.0402,13.451,292.391,5450,0.9,163.371
WASP-41 b,WASP-41,0,3.052401,0.04022,13.451,299.07803,5450,0.9,163.371
WASP-42 b,WASP-42,0,4.9816872,0.0548,11.915,159.23283,5200,0.85,177.291
WASP-42 b,WASP-42,0,4.9816819,0.0561,12.576,167.49641,5315,0.89,177.291
WASP-42 b,WASP-42,0,4.9816872,0.0548,12.106,158.908,5200,0.86,177.291
WASP-43 b,WASP-43,0,0.81347437,0.01528,11.613,651.5515,4400,0.67,86.7467
WASP-43 b,WASP-43,0,0.81347398,0.01504,11.276,635.02434,4500,0.65,86.7467
WASP-43 b,WASP-43,0,0.813475,0.0142,10.424,565.714,4400,0.6,86.7467
WASP-44 b,WASP-44,0,2.4238039,0.03473,12.778,282.539,5410,0.93,364.512
WASP-44 b,WASP-44,0,2.4238133,0.03474,12.778,279.05474,5400,0.93,364.512
WASP-44 b,WASP-44,0,2.423804,0.03453,12.33,276.5121,5420,0.91,364.512
WASP-45 b,WASP-45,0,3.126096,0.0405,11.119,318.46566,5100,0.92,211.196
WASP-45 b,WASP-45,0,3.1260876,0.04054,13.002,318.78349,5100,0.94,211.196
WASP-45 b,WASP-45,0,3.126089,0.03963,10.604,306.38812,5150,0.85,211.196
WASP-45 b,WASP-45,0,3.1260876,0.04054,13.002,320.041,5140,0.94,211.196
WASP-46 b,WASP-46,0,1.43036763,0.02335,13.159,607.0553,5600,0.86,375.31
WASP-46 b,WASP-46,0,1.43037,0.02334,13.159,603.877,5600,0.86,375.31
WASP-46 b,WASP-46,0,1.43037,0.02448,14.684,667.733,5620,0.92,375.31
WASP-47 b,WASP-47,0,4.1591399,0.052,12.89,362.311,5350,1.15,264.78
WASP-47 b,WASP-47,0,4.16071,0.052,12.9,383,5576,1.16,264.78
WASP-47 d,WASP-47,0,9.095,0.088,3.71,16.8,5576,1.16,264.78
WASP-47 e,WASP-47,0,0.789636,0.0173,1.82,9.1,5576,1.16,264.78
WASP-48 b,WASP-48,0,2.143634,0.03449,18.719,327.68273,6000,1.75,454.144
WASP-48 b,WASP-48,0,2.143634,0.03444,18.719,311.46,5920,1.75,454.144
WASP-48 b,WASP-48,0,2.14363544,0.0332,15.65,288,6000,1.52,454.144
WASP-49 b,WASP-49,0,2.7817387,0.0379,12.498,120.135,5600,0.98,194.553
WASP-49 b,WASP-49,0,2.7817362,0.03873,13.428,126.81417,5600,1.04,194.553
WASP-49 b,WASP-49,0,2.7817387,0.0379,12.498,126.81417,5600,0.98,194.553
WASP-5 b,WASP-5,0,1.6284296,0.02683,12.218,502.15,5880,1.03,309.137
WASP-5 b,WASP-5,0,1.6284279,0.0267,12.184,502.15,5700,1.03,309.137
WASP-5 b,WASP-5,0,1.6284246,0.02714,13.047,497.40395,5700,1.08,309.137
WASP-5 b,WASP-5,0,1.6284246,0.0274,13.171,506.93885,5770,1.09,309.137
WASP-5 b,WASP-5,0,1.6284246,0.02729,13.126,520.28771,5700,1.08,309.137
WASP-5 b,WASP-5,0,1.6284229,0.02709,12.778,494.22565,5700,1.06,309.137
WASP-5 b,WASP-5,0,1.62842953,0.02739,13.171,505.3497,5770,1.09,309.137
WASP-50 b,WASP-50,0,1.9550959,0.02945,12.924,466.555,5400,0.84,184.848
WASP-50 b,WASP-50,0,1.9551,0.0293,13.07,466.8287,5400,0.84,184.848
WASP-50 b,WASP-50,0,1.9550938,0.02945,12.924,464.0318,5400,0.84,184.848
WASP-52 b,WASP-52,0,1.7497835,0.02713,14.235,145.88397,5000,0.79,174.818
WASP-52 b,WASP-52,0,1.7497798,0.0272,14.24,146.2,5000,0.79,174.818
WASP-53 b,WASP-53,0,3.3098443,0.04101,12.038,677.61356,4953,0.8,201.338
WASP-54 b,WASP-54,0,3.6936411,0.04988,18.528,192.60498,6100,1.83,251.303
WASP-54 b,WASP-54,0,3.6936411,0.04987,18.528,202.131,6100,1.83,251.303
WASP-55 b,WASP-55,0,4.4656291,0.0558,14.964,199.27941,6070,1.1,297.462
WASP-55 b,WASP-55,0,4.465633,0.0533,14.572,181.155,5960,1.06,297.462
WASP-55 b,WASP-55,0,4.465633,0.05326,14.572,181.48093,5900,1.06,297.462
WASP-56 b,WASP-56,0,4.617101,0.05614,12.24,190.38017,5600,1.11,321.084
WASP-56 b,WASP-56,0,4.617101,0.05458,12.24,181.473,5600,1.11,321.084
WASP-57 b,WASP-57,0,2.838971,0.0386,10.267,213.573,5600,0.84,398.276
WASP-57 b,WASP-57,0,2.83891856,0.03772,11.769,204.36469,5600,0.93,398.276
WASP-57 b,WASP-57,0,2.83891856,0.03769,11.769,204.68252,5600,0.93,398.276
WASP-58 b,WASP-58,0,5.01718,0.0561,15.36,282.86,5800,1.17,290.404
WASP-58 b,WASP-58,0,5.01718,0.0562,15.356,285.72917,5800,1.17,290.404
WASP-59 b,WASP-59,0,7.919585,0.0697,8.687,272.38031,4650,0.61,115.936
WASP-59 b,WASP-59,0,7.919585,0.0697,8.687,274.276,4650,0.61,115.936
WASP-6 b,WASP-6,0,3.36100208,0.0414,13.787,154.14755,5375,0.86,197.119
WASP-6 b,WASP-6,0,3.36100239,0.04217,13.72,153.51189,5450,0.87,197.119
WASP-6 b,WASP-6,0,3.361006,0.0421,13.72,160,5450,0.87,197.119
WASP-60 b,WASP-60,0,4.3050011,0.05311,9.64,160.50415,5900,1.14,431.052
WASP-60 b,WASP-60,0,4.305004,0.05548,13.731,177.9848,6105,1.4,431.052
WASP-60 b,WASP-60,0,4.3050011,0.0531,9.64,163.358,5900,1.14,431.052
WASP-61 b,WASP-61,0,3.8559,0.0514,13.899,654.702,6320,1.36,488.66
WASP-61 b,WASP-61,0,3.8559,0.05146,13.899,651.5515,6250,1.36,488.66
WASP-61 b,WASP-61,0,3.855898,0.0521,13.563,654.7298,6250,1.39,488.66
WASP-62 b,WASP-62,0,4.41194,0.0571,15.02,184.3414,6230,1.29,175.631
WASP-62 b,WASP-62,0,4.411953,0.0567,15.581,181.155,6280,1.28,175.631
WASP-62 b,WASP-62,0,4.411953,0.05672,15.581,180.52744,6230,1.28,175.631
WASP-63 b,WASP-63,0,4.37809,0.05417,14.908,107.74437,5550,1.76,290.684
WASP-63 b,WASP-63,0,4.37809,0.0574,16.029,120.77,5570,1.88,290.684
WASP-64 b,WASP-64,0,1.5732918,0.02652,14.247,388.07043,5550,1.06,369.926
WASP-64 b,WASP-64,0,1.5732918,0.02648,14.247,403.945,5400,1.06,369.926
WASP-65 b,WASP-65,0,2.3114243,0.0334,12.464,489.4582,5600,1.01,273.703
WASP-65 b,WASP-65,0,2.3114243,0.0334,12.464,492.62,5600,1.01,273.703
WASP-66 b,WASP-66,0,4.086052,0.0546,15.581,737.3656,6600,1.75,500.258
WASP-66 b,WASP-66,0,4.086052,0.05461,15.581,753.2571,6600,1.75,500.258
WASP-66 b,WASP-66,0,4.086052,0.0546,15.581,737.335,6580,1.75,500.258
WASP-67 b,WASP-67,0,4.6144109,0.05179,15.693,133.4886,5200,0.87,189.469
WASP-67 b,WASP-67,0,4.61442,0.0517,15.693,133.483,5240,0.87,189.469
WASP-68 b,WASP-68,0,5.084298,0.06206,13.9,301.93,5911,1.69,226.399
WASP-68 b,WASP-68,0,5.084298,0.06219,13.899,304.16331,5910,1.69,226.399
WASP-69 b,WASP-69,0,3.8681382,0.04527,11.848,79.4575,4700,0.81,49.9605
WASP-69 b,WASP-69,0,3.8681382,0.04525,9.113,82.632,4715,0.81,49.9605
WASP-69 b,WASP-69,0,3.8681382,0.04525,11.848,82.6358,4700,0.81,49.9605
WASP-7 b,WASP-7,0,4.9546416,0.0624,15.401,311.4734,6520,1.48,162.303
WASP-7 b,WASP-7,0,4.9546416,0.0617,14.908,305.1168,6400,1.43,162.303
WASP-7 b,WASP-7,0,4.954658,0.0618,10.256,305.1168,6400,1.24,162.303
WASP-7 b,WASP-7,0,4.9546416,0.06188,15.278,344.20989,6400,1.47,162.303
WASP-7 b,WASP-7,0,4.9546416,0.0619,15.278,305.1168,6400,1.47,162.303
WASP-70 A b,WASP-70 A,0,3.7130203,0.04855,13.047,189.74451,5700,1.22,222.355
WASP-70 A b,WASP-70 A,0,3.7130203,0.04853,13.047,187.512,5763,1.22,222.355
WASP-71 b,WASP-71,0,2.9036747,0.04622,16.365,706.21826,6050,2.26,362.715
WASP-71 b,WASP-71,0,2.9036747,0.04619,16.37,712.545,6059,2.26,362.715
WASP-72 b,WASP-72,0,2.2167421,0.03711,14.235,459.58218,6250,1.98,434.754
WASP-72 b,WASP-72,0,2.2167421,0.03708,14.24,491.3763,6250,1.98,434.754
WASP-73 b,WASP-73,0,4.08722,0.05517,13.002,597.20257,6030,2.07,316.678
WASP-73 b,WASP-73,0,4.08722,0.05512,13.002,597.5,6036,2.07,316.678
WASP-74 b,WASP-74,0,2.13775,0.037,17.486,301.9385,5970,1.64,149.216
WASP-74 b,WASP-74,0,2.1377445,0.03443,15.737,262.52758,5984,1.54,149.216
WASP-74 b,WASP-74,0,2.13775,0.03705,17.486,300.03152,5990,1.64,149.216
WASP-75 b,WASP-75,0,2.484193,0.03751,14.235,341.03159,6100,1.26,294.001
WASP-75 b,WASP-75,0,2.484193,0.0375,14.235,340.06,6100,1.26,294.001
WASP-76 b,WASP-76,0,1.809886,0.033,20.512,292.4036,6250,1.73,194.459
WASP-77 A b,WASP-77 A,0,1.3600309,0.024,13.56,559.36,5500,0.95,105.166
WASP-77 A b,WASP-77 A,0,1.36002854,0.02335,13.787,529.81995,5617,0.91,105.166
WASP-77 A b,WASP-77 A,0,1.3600309,0.02405,13.563,560.33429,5500,0.95,105.166
WASP-78 b,WASP-78,0,2.175173,0.0367,23.091,273.3338,6100,2.35,754.258
WASP-78 b,WASP-78,0,2.1751763,0.03488,17.822,259.66711,6100,2.09,754.258
WASP-78 b,WASP-78,0,2.17517632,0.0362,19.055,282.857,6100,2.2,754.258
WASP-79 b,WASP-79,0,3.6623866,0.0535,23.43,286.03,6600,1.91,246.69
WASP-79 b,WASP-79,0,3.6623866,0.0521,20.4,267.93069,6600,1.69,246.69
WASP-79 b,WASP-79,0,3.662392,0.0519,17.15,270.1555,6600,1.51,246.69
WASP-8 b,WASP-8,0,8.158715,0.0801,11.635,713.18,5600,0.94,89.9606
WASP-8 b,WASP-8,0,8.158715,0.0801,11.635,677.61356,5600,0.94,89.9606
WASP-80 b,WASP-80,0,3.06785234,0.0344,11.198,170.99254,4143,0.59,49.7876
WASP-80 b,WASP-80,0,3.06785952,0.03427,10.671,171.6282,4150,0.57,49.7876
WASP-80 b,WASP-80,0,3.0678504,0.0346,10.671,176.07,4145,0.57,49.7876
WASP-81 b,WASP-81,0,2.7164762,0.03908,16.018,231.69807,5870,1.28,398.505
WASP-82 b,WASP-82,0,2.705782,0.0447,18.719,394.1092,6490,2.18,275.664
WASP-82 b,WASP-82,0,2.705785,0.0448,19.17,397.27,6480,2.22,275.664
WASP-83 b,WASP-83,0,4.971252,0.059,11.657,96.93815,5480,1.05,271.103
WASP-83 b,WASP-83,0,4.971252,0.059,11.657,95.349,5510,1.05,271.103
WASP-84 b,WASP-84,0,8.5234865,0.0771,10.559,220.57402,5300,0.75,100.588
WASP-84 b,WASP-84,0,8.5234962,0.0775,10.94,218.34921,5280,0.77,100.588
WASP-84 b,WASP-84,0,8.5234865,0.0771,10.559,220.565,5314,0.75,100.588
WASP-85 A b,WASP-85 A,0,2.6556777,0.039,13.899,402.05495,6112,0.94,141.887
WASP-87 b,WASP-87,0,1.682795,0.02946,15.524,692.8694,6450,1.63,298.392
WASP-88 b,WASP-88,0,4.954,0.06431,19.055,177.98,6431,2.08,523.756
WASP-88 b,WASP-88,0,4.954,0.06438,19.055,181.1631,6430,2.08,523.756
WASP-89 b,WASP-89,0,3.3564227,0.0427,11.657,1875.197,5130,0.88,290.946
WASP-89 b,WASP-89,0,3.3564227,0.0428,11.657,1843.414,5000,0.88,290.946
WASP-90 b,WASP-90,0,3.916243,0.0562,18.271,200.2329,6430,1.98,466.433
WASP-91 b,WASP-91,0,2.798581,0.037,11.545,425.8922,4920,0.86,149.942
WASP-92 b,WASP-92,0,2.1746742,0.0348,16.376,255.85315,6280,1.34,575.889
WASP-93 b,WASP-93,0,2.7325321,0.04211,17.901,467.2101,6700,1.52,370.284
WASP-94 A b,WASP-94 A,0,3.9501907,0.055,19.28,143.653,6153,1.62,211.211
WASP-94 A b,WASP-94 A,0,3.9501907,0.0554,19.279,144.93048,6153,1.62,211.211
WASP-95 b,WASP-95,0,2.184673,0.03415,13.563,382.66732,5830,1.13,137.544
WASP-95 b,WASP-95,0,2.184673,0.03416,13.56,359.13,5630,1.13,137.544
WASP-96 b,WASP-96,0,3.4252602,0.0453,13.45,152.55,5540,1.05,352.464
WASP-96 b,WASP-96,0,3.4252602,0.0454,13.451,155.7367,5500,1.05,352.464
WASP-97 b,WASP-97,0,2.07276,0.03305,12.666,420.48909,5670,1.06,151.068
WASP-97 b,WASP-97,0,2.07276,0.03303,12.67,419.52,5640,1.06,151.068
WASP-98 b,WASP-98,0,2.96264,0.036,12.33,263.79,5525,0.7,281.742
WASP-98 b,WASP-98,0,2.96264036,0.03762,12.823,293.03926,5473,0.74,281.742
WASP-98 b,WASP-98,0,2.96264,0.03571,12.33,269.51984,5550,0.7,281.742
WASP-99 b,WASP-99,0,5.75251,0.0717,12.33,883.53,6180,1.76,158.66
WASP-99 b,WASP-99,0,5.75251,0.0717,12.33,889.924,6150,1.76,158.66
WD 1856+534 b,WD 1856+534,0,1.4079405,0.0204,10.4,4386.054,4710,0.01,24.7359
WTS-1 b,WTS-1,0,3.352057,0.047,16.7,1274.44,6250,1.15,2346.01
Wendelstein-1 b,Wendelstein-1,0,2.663416,0.0282,11.561,188.15536,4251,0.61,305.3
Wendelstein-2 b,Wendelstein-2,0,1.7522239,0.0234,12.993,232.33373,4591,0.66,565.541
Wolf 503 b,Wolf 503,0,6.00127,0.05706,2.043,6.26,4716,0.69,44.526
XO-1 b,XO-1,0,3.94150685,0.0493,13.518,290.17879,5750,0.93,163.553
XO-1 b,XO-1,0,3.941534,0.0488,14.572,286.047,5750,1,163.553
XO-1 b,XO-1,0,3.94150685,0.049,13.563,292.391,5750,0.94,163.553
XO-1 b,XO-1,0,3.9415128,0.04944,13.518,293.67492,5750,0.94,163.553
XO-2 N b,XO-2 N,0,2.61585922,0.03665,11.422,189.10885,5332,1,154.273
XO-2 N b,XO-2 N,0,2.615864,0.03616,11.03,188.47319,5340,0.96,154.273
XO-2 N b,XO-2 N,0,2.61585922,0.03673,11.422,189.737,5332,1.01,154.273
XO-2 N b,XO-2 N,0,2.615864,0.03647,11.119,176.39565,5340,0.97,154.273
XO-3 b,XO-3,0,3.1915239,0.0454,13.641,3747.06,6429,1.38,213.053
XO-3 b,XO-3,0,3.1915426,0.0476,21.858,4211.22639,6429,2.13,213.053
XO-3 b,XO-3,0,3.1915289,0.04529,13.989,3759.9289,6429,1.41,213.053
XO-3 b,XO-3,0,3.19153285,0.04539,13.641,3718.611,6430,1.38,213.053
XO-4 b,XO-4,0,4.1250823,0.05524,15.02,512.34196,6400,1.56,272.655
XO-4 b,XO-4,0,4.1250828,0.05474,14.426,491.68301,6397,1.53,272.655
XO-4 b,XO-4,0,4.12502,0.05475,14.46,483.41943,6397,1.53,272.655
XO-5 b,XO-5,0,4.1877558,0.0515,12.78,378.2,5430,1.13,276.211
XO-5 b,XO-5,0,4.18775581,0.04874,12.431,332.45018,5370,1.08,276.211
XO-5 b,XO-5,0,4.187757,0.0488,12.431,336.568,5370,1.08,276.211
XO-5 b,XO-5,0,4.187732,0.0508,12.89,365.5045,5510,1.11,276.211
XO-5 b,XO-5,0,4.187757,0.0494,12.207,344.52772,5370,1.06,276.211
XO-6 b,XO-6,0,3.7650007,0.0815,23.203,1398.452,6720,1.93,235.479
XO-7 b,XO-7,0,2.8641424,0.04421,15.39,225.34147,6250,1.48,234.149
pi Men c,HD 39091,0,6.2679,0.06839,2.042,4.82,6037,1.1,18.2702
pi Men c,HD 39091,0,6.26834,0.06702,2.06,4.52,5870,1.1,18.2702
