,Unnamed: 0,Name,starName,defaultPlanetEntry,numStars,numPlanets,solution,controversial,orbitalPeriod,planetSemimajor,planetEarthRads,earthMass,bestEarthMass,bestMassProvenance,eccentricity,equilTemp,stellarEffTemp,stellarRadius,stellarMetallicity,stellarMetallicityRatio,luminosity,stellarAge,distance,density,escapeVelocity,surfaceEarthTemp,surfaceVenusTemp,surfaceMarsTemp,surfaceTitanTemp,similarityIndex_Earth,similarityIndex_Arrakis
35,35,2MASS J02192210-3925225 b,2MASS J02192210-3925225,1,1,1,Published Confirmed,0,,23400000000.0,16.141,4417.837,4417.837,Mass,,,3064.0,194975.76,,,-2.23,0.035,,1.0493061457105701,16.523257597824863,1.8992798511481932,1.5677380698981558,1.8385701159279646,1.7192533033913935,0.003,0.003
174,174,BD+60 1417 b,BD+60 1417,1,1,1,Published Confirmed,0,,249300000000.0,14.684,4767.4261,4767.4261,Mass,,1303.0,4993.0,557073.6,,,0.356,0.1,44.9543,1.5039544503348208,17.99599422867657,2.5783136653487913,2.1282384935860423,2.4958988806905986,2.3339237151651377,0.004,0.003
195,195,CFHTWIR-Oph 98 b,CFHTWIR-Oph 98 A,1,1,1,Published Confirmed,0,8040000.0,30000000000.0,20.849,2479.06157,2479.06157,Mass,,1800.0,2320.0,167122.08,,,-2.85,0.003,,0.2732218740794485,10.890732478543487,1.1739139467741861,0.9689933708451114,1.1363902480749608,1.062642469285729,0.002,0.001
198,198,COCONUTS-2 b,COCONUTS-2 A,1,1,1,Published Confirmed,0,402000000.0,1125900000000.0,12.442,2002.31896,2002.31896,Mass,,434.0,3406.0,271573.38,0.0,[Fe/H],-1.732,0.475,10.8864,1.0383565566841189,12.670028144720465,0.3647094194601484,0.30104507294829247,0.35305162596838696,0.33013980209696486,0.001,0.001
241,241,CoRoT-19 b,CoRoT-19,1,1,1,Published Confirmed,0,3.89713,7770000.0,14.46,352.78,352.78,Mass,0.047,2000.0,6090.0,1148964.3,-0.02,[Fe/H],0.544,5.0,790.663,0.11654212104520142,4.93314498688116,514.6196679964214,424.7867129999837,498.1700522305839,465.84054669887354,0.15,0.162
327,327,CoRoTID 223977153 b,CoRoTID 223977153,1,1,1,Published Confirmed,0,6.71837,10649999.999999998,6.389,47.6745,47.6745,Mass,,938.0,5970.0,550110.18,0.0,[Fe/H],-0.155,,576.683,0.18258761821127442,2.7282406635842937,293.94906681314126,242.63677750037957,284.55310022945395,266.0865926850073,0.352,0.339
455,455,EPIC 246851721 b,EPIC 246851721,1,2,1,Published Confirmed,0,6.180235,10843499.999999998,11.781,953.49,953.49,Mass,,1401.0,6202.0,1107183.78,0.141,[Fe/H],0.526,3.02,372.632,0.5824431145359158,8.985102619157182,431.13387524704746,355.87435366036556,417.35285008906664,390.26810018245396,0.228,0.243
464,464,G 9-40 b,G 9-40,1,1,1,Published Confirmed,0,5.746007,5775000.0,2.025,11.7,11.7,Mass,0.0,456.0,3348.0,215866.02,0.04,[Fe/H],-1.971,9.9,27.9276,1.407325704331569,2.400692111169639,140.3365822052873,115.83917050960932,135.85077841905522,127.03453490397308,0.45,0.396
487,487,GJ 1214 b,GJ 1214,1,1,1,Published Confirmed,0,1.58040433,2235000.0,2.742,8.17,8.17,Mass,0.063,596.0,3250.0,146231.82,0.29,[Fe/H],-2.337,,14.6427,0.3958252967776153,1.723984477926033,182.72927282714758,150.83171514863483,176.88840331883654,165.40896053020265,0.47,0.438
571,571,GJ 3473 b,GJ 3473,1,2,2,Published Confirmed,0,1.1980035,2383500.0,1.264,1.86,1.86,Mass,0.0,773.0,3347.0,250683.12,0.11,[Fe/H],-1.824,,27.3644,0.9199316550151163,1.2115434203779671,237.73291280057006,196.23381864442882,230.1338735223241,215.19898471525832,0.827,0.767
577,577,GJ 357 b,GJ 357,1,1,3,Published Confirmed,0,3.93072,5250000.000000001,1.217,1.84,1.84,Mass,,525.0,3505.0,236756.28000000003,-0.12,[Fe/H],-1.798,,9.44181,1.0196002404300655,1.2280602396601665,162.59876325500497,134.21522432258925,157.40135758654574,147.186556359519,0.671,0.597
583,583,GJ 367 b,GJ 367,1,1,1,Published Confirmed,0,0.321962,1065000.0,0.718,0.546,0.546,Mass,0.0,1745.0,3522.0,320317.32,-0.01,[Fe/H],-1.541,,9.41263,1.4733405804808477,0.870943831273646,418.5738433241413,345.50682399233256,405.19429465838795,378.89859275515016,0.699,0.746
585,585,GJ 3929 b,GJ 3929,1,1,2,Published Confirmed,0,2.616235,3780000.0,1.09,1.75,1.75,Mass,0.0,568.0,3384.0,222829.44,-0.02,[Fe/H],-1.963,7.1,15.8095,1.3497159986321223,1.2654990504400696,174.2613161252069,143.8419405307153,168.69112153029548,157.74365384883836,0.675,0.601
636,636,GJ 486 b,GJ 486,1,1,1,Published Confirmed,0,1.467119,2601000.0,1.305,2.82,2.82,Mass,0.05,701.0,3340.0,229792.86000000002,0.07,[Fe/H],-1.917,,8.07426,1.267364138717238,1.4681666226216255,215.71319610649164,178.0579041635748,208.8180084324807,195.2664452092184,0.73,0.654
761,761,GPX-1 b,GPX-1,1,1,1,Published Confirmed,0,1.744579,5069999.999999999,16.477,6261.21962,6261.21962,Mass,0.0,2300.0,7000.0,1086293.52,0.35,[Fe/H],0.727,0.27,655.013,1.3980038043540142,19.469125567168124,707.8527278037704,584.2886547700443,685.2264931001779,640.7576744709463,0.122,0.126
819,819,HAT-P-12 b,HAT-P-12,1,1,1,Published Confirmed,0,3.2130598,5759999.999999999,10.749,67.059,67.059,Mass,0.0,963.0,4650.0,487439.39999999997,-0.29,[Fe/H],-0.678,2.5,142.751,0.053930782923204273,2.4945979046887072,295.79147153940585,244.15756867171697,286.33661321154904,267.7543618712593,0.212,0.207
861,861,HAT-P-16 b,HAT-P-16,1,3,1,Published Confirmed,0,2.77596,6195000.000000001,14.448,1332.605,1332.605,Mass,0.036,1626.0,6158.0,863464.08,0.17,[Fe/H],0.294,2.0,226.637,0.4413286080192833,9.591861538962677,499.08697313522435,411.9654338992295,483.133853866051,451.7801453659476,0.18,0.193
878,878,HAT-P-18 b,HAT-P-18,1,1,1,Published Confirmed,0,5.508023,8385000.0,11.153,62.61,62.61,Mass,0.084,852.0,4803.0,522256.5,0.1,[Fe/H],-0.569,12.4,161.4,0.04507673358790954,2.366366720864323,261.03296486541956,215.46657080077418,252.68914856517787,236.29050077460408,0.194,0.183
890,890,HAT-P-19 b,HAT-P-19,1,1,1,Published Confirmed,0,4.008778,6990000.0,12.689,92.802,92.802,Mass,0.067,1010.0,4990.0,571000.44,0.23,[Fe/H],-0.432,8.8,202.078,0.045368976785071805,2.7009778179558674,309.35582774065426,255.3541059263509,299.4673900890802,280.03299695143227,0.183,0.187
913,913,HAT-P-20 b,HAT-P-20,1,1,1,Published Confirmed,0,2.875317,5415000.0,9.718,2302.899,2302.899,Mass,0.015,970.0,4595.0,480475.98,0.35,[Fe/H],-0.721,6.7,71.0374,2.5062711095263923,15.374643221681106,297.61009548699496,245.6587302808081,288.09710555822824,269.4006043813502,0.231,0.212
954,954,HAT-P-25 b,HAT-P-25,1,1,1,Published Confirmed,0,3.65281514,6990000.0,12.722,180.84527,180.84527,Mass,0.023,1182.0,5519.0,640634.64,0.294,[Fe/H],-0.152,,300.384,0.08772529179584544,3.76558044329829,363.461405618789,300.01491469663927,351.8435043997826,329.0100834206265,0.19,0.204
969,969,HAT-P-27 b,HAT-P-27,1,2,1,Published Confirmed,0,3.039577,6000000.0,11.43,197.05,197.05,Mass,0.0,,5316.0,598854.12,0.3,[M/H],-0.269,,199.173,0.13180187511320723,4.146876987144012,366.75096436622135,302.7302420236778,355.0279136925797,331.98783561433515,0.215,0.231
972,972,HAT-P-28 b,HAT-P-28,1,1,1,Published Confirmed,0,3.257215,6510000.0,13.585,198.953,198.953,Mass,0.051,1384.0,5680.0,765976.2000000001,0.12,[Fe/H],0.053,6.1,401.319,0.07926024398112935,3.8220949607459844,423.7955531608433,349.8170225636545,410.2490945890056,383.62535373283026,0.164,0.177
1062,1062,HAT-P-37 b,HAT-P-37,1,1,1,Published Confirmed,0,2.797436,5685000.000000001,13.204,371.528,371.528,Mass,0.058,1271.0,5500.0,612780.96,,,-0.208,,390.594,0.16119770099792477,5.297842771923074,390.23988516215786,322.1188936383149,377.76602035163796,353.25031815322967,0.197,0.211
1067,1067,HAT-P-38 b,HAT-P-38,1,1,1,Published Confirmed,0,4.640382,7845000.0,9.247,84.857,84.857,Mass,0.067,1082.0,5330.0,640634.64,,,-0.208,,255.206,0.10719362104866603,3.0255160165432664,332.20060245262476,274.2110547812295,321.5819405410023,300.7123899145301,0.247,0.265
1072,1072,HAT-P-39 b,HAT-P-39,1,2,1,Published Confirmed,0,3.54387,7635000.0,17.609,190.372,190.372,Mass,0.0,1752.0,6430.0,1128074.04,,,0.607,,697.004,0.03482433508646448,3.2839023750017318,538.322297703283,444.35176810530766,521.1150366790826,487.29648137745664,0.105,0.114
1100,1100,HAT-P-42 b,HAT-P-42,1,1,1,Published Confirmed,0,4.641878,8625000.0,14.348,331.801,331.801,Mass,0.0,1428.0,5743.0,1065403.26,0.27,[Fe/H],0.356,5.2,405.238,0.1121985973093107,4.802852060762201,438.34629263231,361.8277582121148,424.33472538255035,396.79687602744264,0.165,0.178
1112,1112,HAT-P-44 b,HAT-P-44,1,1,2,Published Confirmed,0,4.301219,7605000.0,13.922,111.871,111.871,Mass,0.044,1108.0,5295.0,661524.9,0.33,[Fe/H],-0.194,7.5,347.85,0.041409164962286846,2.8311572612988263,340.13183374462494,280.7577957631439,329.25965313673635,307.89184563849255,0.162,0.175
1120,1120,HAT-P-45 b,HAT-P-45,1,1,1,Published Confirmed,0,3.128992,6780000.0,15.984,283.492,283.492,Mass,0.049,1652.0,6330.0,919171.4400000001,0.07,[Fe/H],0.4,2.0,298.64,0.06933750913038021,4.20613993012513,507.0864931412989,418.5685429917907,490.8776723539085,459.02141693931515,0.131,0.142
1150,1150,HAT-P-52 b,HAT-P-52,1,1,1,Published Confirmed,0,2.7535953,5541000.0,11.31,259.98494,259.98494,Mass,0.047,1218.0,5131.0,619744.38,0.28,[Fe/H],-0.305,9.4,361.155,0.17949163668923382,4.788492831136462,373.8116348274517,308.5583888733294,361.8628925929169,338.379248131711,0.224,0.24
1162,1162,HAT-P-54 b,HAT-P-54,1,1,1,Published Confirmed,0,3.799847,6175500.0,10.581,241.5508,241.5508,Mass,0.074,818.0,4390.0,431732.04,-0.127,[Fe/H],-0.902,3.9,143.651,0.20366301930926659,4.771961500062658,251.1081605179873,207.2742585397064,243.0815866945091,227.30643628851968,0.254,0.238
1187,1187,HAT-P-58 b,HAT-P-58,1,1,1,Published Confirmed,0,4.0138379,7491000.0,14.93,118.23217,118.23217,Mass,0.073,1622.0,6078.0,1065403.26,-0.224,[Fe/H],0.456,7.11,515.59,0.03548461342274702,2.81056720676526,498.2266924874626,411.2553254223364,482.3010717516462,451.00140791732264,0.121,0.132
1191,1191,HAT-P-59 b,HAT-P-59,1,1,1,Published Confirmed,0,4.1419771,7596000.0,12.588,489.45575,489.45575,Mass,0.03,1278.0,5678.0,765976.2000000001,0.217,[Fe/H],0.054,7.3,265.471,0.24509083590281203,6.227796291669689,392.55852363499963,324.0327863182204,380.01054445546106,355.3491804411614,0.213,0.228
1209,1209,HAT-P-63 b,HAT-P-63,1,1,1,Published Confirmed,0,3.377728,6441000.0,12.543,195.14664,195.14664,Mass,0.069,1237.0,5400.0,675451.74,0.251,[Fe/H],-0.146,9.0,4483.05,0.0987735475473962,3.9394525709263157,379.94456821174845,313.6207461351615,367.79978916796784,343.9308607463856,0.19,0.205
1217,1217,HAT-P-66 b,HAT-P-66,1,1,1,Published Confirmed,0,2.972086,6544500.0,17.822,248.86089,248.86089,Mass,0.09,1896.0,6002.0,1309122.96,0.035,[Fe/H],0.615,4.66,935.456,0.04391078214107519,3.7321247630546153,584.1288462024287,482.1622413166848,565.4573968285997,528.7611764177926,0.103,0.112
1221,1221,HAT-P-67 b,HAT-P-67,1,2,1,Published Confirmed,0,4.8101025,9757500.0,23.371,108.0622,108.0622,Mass,0.0,1903.0,6406.0,1775672.0999999999,-0.08,[Fe/H],0.939,1.24,371.686,0.008455236498219774,2.1476044887279335,576.4711927060573,475.841321887622,558.044517221601,521.8293669417409,0.064,0.07
1223,1223,HAT-P-68 b,HAT-P-68,1,1,1,Published Confirmed,0,2.29840551,4494000.0,12.016,230.10892,230.10892,Mass,0.041,1028.0,4508.0,466549.14,-0.059,[Fe/H],-0.779,11.1,202.152,0.13247610051483266,4.370617652316813,315.95872718652447,260.80439111036003,305.8592304449473,286.01002907621927,0.226,0.235
1226,1226,HAT-P-69 b,HAT-P-69,1,1,1,Published Confirmed,0,4.7869491,9832500.0,18.786,1137.8314,1137.8314,Mass,0.0,1930.0,7394.0,1343940.06,-0.069,[Fe/H],1.0,1.27,341.263,0.17141893849705994,7.772806324936013,594.7917172477082,490.9637819964291,575.7794333847148,538.4133486646316,0.123,0.134
1252,1252,HAT-P-70 b,HAT-P-70,1,1,1,Published Confirmed,0,2.74432452,7108500.0,20.961,2154.8874,2154.8874,Mass,0.0,2562.0,8450.0,1295196.12,-0.059,[Fe/H],1.223,0.6,330.739,0.23370738107254863,10.126569324444956,795.3493048018463,656.5116684890247,769.9262763456015,719.9607360673933,0.098,0.106
1270,1270,HAT-P-9 b,HAT-P-9,1,1,1,Published Confirmed,0,3.92281072,7930500.0,15.614,238.05467,238.05467,Mass,0.084,1540.0,6350.0,933098.28,0.12,[Fe/H],0.418,,455.203,0.06246230712336113,3.8997549099199067,473.74714413469127,391.048972017728,458.6040025569141,428.84219617946917,0.136,0.147
1303,1303,HATS-16 b,HATS-16,1,1,1,Published Confirmed,0,2.686502,5616000.0,14.572,1039.3041,1039.3041,Mass,0.0,1592.0,5738.0,863464.08,-0.1,[Fe/H],0.173,9.5,757.044,0.33548182256708675,8.43466400703341,488.9149757033715,403.56907903284093,473.2870003409139,442.5723184223672,0.177,0.19
1308,1308,HATS-17 b,HATS-17,1,1,1,Published Confirmed,0,16.254611,19620000.0,8.709,425.25654,425.25654,Mass,0.029,814.0,5846.0,759012.78,0.3,[Fe/H],0.093,2.1,400.331,0.6430281278030058,6.979067578645717,249.8028495552014,206.19680505744168,241.8179994844829,226.12485149817613,0.319,0.296
1318,1318,HATS-2 b,HATS-2,1,1,1,Published Confirmed,0,1.354133,3450000.0,13.092,427.463,427.463,Mass,0.0,1577.0,5227.0,626707.8,0.15,[Fe/H],-0.268,9.7,341.925,0.1902673985816315,5.706926964562084,483.93534441671414,399.4587013349838,468.46654101447314,438.06469015785353,0.178,0.192
1322,1322,HATS-22 b,HATS-22,1,1,1,Published Confirmed,0,4.7228124,7537500.0,10.682,870.8542,870.8542,Mass,0.079,858.0,4803.0,480475.98,0.0,[Fe/H],-0.646,,229.518,0.7136274889204197,9.017839195833991,263.3802630646889,217.4041203125922,254.9614162985186,238.4153062268911,0.292,0.271
1333,1333,HATS-24 b,HATS-24,1,1,1,Published Confirmed,0,1.3484978,3570000.0000000005,15.637,718.2958,718.2958,Mass,0.0,2166.0,6125.0,779903.04,-0.229,[Fe/H],0.19,3.7,494.182,0.18764062007347393,6.769100992994849,619.2453892560262,511.1487760788266,599.4514533621908,560.5491367923971,0.136,0.147
1359,1359,HATS-3 b,HATS-3,1,1,1,Published Confirmed,0,3.547851,7275000.0,15.48,340.382,340.382,Mass,0.0,1648.0,6351.0,974878.7999999999,-0.157,[Fe/H],0.456,3.2,411.211,0.09165107380244797,4.683320322054017,505.56894693566517,417.31590244070856,489.40863391729727,457.64771399316555,0.14,0.152
1362,1362,HATS-30 b,HATS-30,1,2,1,Published Confirmed,0,3.1743516,6531000.0,13.171,224.38798,224.38798,Mass,0.096,1414.0,5943.0,738122.52,0.06,[Fe/H],0.097,2.3,342.14,0.09809055246699398,4.1223652435626565,433.9673416759554,358.21320498219256,420.0957458753437,392.8329915622069,0.171,0.185
1374,1374,HATS-33 b,HATS-33,1,1,1,Published Confirmed,0,2.5495551,5590500.0,13.787,378.85336,378.85336,Mass,0.08,1429.0,5659.0,710268.84,0.29,[Fe/H],-0.018,3.0,248.46,0.1443928396648157,5.235482739179392,439.0071199060578,362.3732302625108,424.97442957178214,397.3950656374021,0.176,0.19
1387,1387,HATS-37 A b,HATS-37 A,1,2,1,Published Confirmed,0,4.3315366,7369500.0,6.793,31.46517,31.46517,Mass,0.0,1085.0,5326.0,612780.96,0.051,[Fe/H],-0.256,11.46,211.896,0.10026031842981716,2.149514020480893,333.40942925676586,275.2088665568979,322.7521276706573,301.8066359652062,0.287,0.308
1390,1390,HATS-38 b,HATS-38,1,1,1,Published Confirmed,0,4.375021,7554000.0,6.882,23.51942,23.51942,Mass,0.0,1294.0,5732.0,765976.2000000001,-0.102,[Fe/H],0.072,11.89,343.525,0.0720719783850951,1.8463414427658218,397.7483616474413,328.3166766694979,385.0344913321753,360.0470906209395,0.242,0.262
1396,1396,HATS-4 b,HATS-4,1,1,1,Published Confirmed,0,2.516729,5430000.0,11.433,420.471,420.471,Mass,0.013,1315.0,5403.0,647598.06,0.43,[Fe/H],-0.187,2.1,416.459,0.28102132567711546,6.056810281328493,404.1540869387773,333.6042067817484,391.2354601279925,365.84563808675364,0.226,0.242
1430,1430,HATS-47 b,HATS-47,1,1,1,Published Confirmed,0,3.9228038,6403500.0,12.52,117.27927,117.27927,Mass,0.088,853.0,4512.0,459585.72000000003,-0.113,[Fe/H],-0.796,8.1,300.67,0.059688698366765616,3.056782306298591,262.11277161917803,216.3578845031635,253.734439719737,237.2679561650255,0.192,0.182
1435,1435,HATS-49 b,HATS-49,1,1,1,Published Confirmed,0,4.1480467,6772500.0,8.575,112.19399,112.19399,Mass,0.071,835.0,4405.0,487439.39999999997,0.208,[Fe/H],-0.785,10.5,324.413,0.17772603335399018,3.6126324660956275,256.4911488584471,211.71758254277785,248.29250992479288,232.17918870615733,0.284,0.267
1436,1436,HATS-5 b,HATS-5,1,1,1,Published Confirmed,0,4.763387,8130000.0,10.223,75.323,75.323,Mass,0.019,1025.0,5304.0,605817.54,0.19,[Fe/H],-0.268,3.6,246.384,0.07041681333528628,2.7110072083824006,315.2474751016476,260.21729649653486,305.17071325388906,285.36619425865445,0.222,0.231
1455,1455,HATS-54 b,HATS-54,1,1,1,Published Confirmed,0,2.5441765,5550000.0,11.377,239.32479,239.32479,Mass,0.0,1429.0,5621.0,856500.66,0.37,[Fe/H],0.115,7.96,748.585,0.16232606209632267,4.5807439054858134,475.66412536020414,392.6313214775507,460.4597082297207,430.57747300163413,0.191,0.206
1459,1459,HATS-55 b,HATS-55,1,1,1,Published Confirmed,0,4.2042001,8118000.0,14.022,292.72143,292.72143,Mass,0.092,1367.0,6214.0,786866.46,0.108,[Fe/H],0.229,0.4,609.838,0.10604946224874717,4.563292695862893,419.97396278854956,346.66253602994055,406.54965985348224,380.16599945820724,0.17,0.184
1462,1462,HATS-56 b,HATS-56,1,1,1,Published Confirmed,0,4.324799,9064500.0,18.921,191.33366,191.33366,Mass,0.019,1902.0,6536.0,1531952.4000000001,0.19,[Fe/H],0.898,1.894,564.409,0.02821259035011111,3.1759941585020415,584.1507828198266,482.1803486378354,565.4786322506299,528.781033734714,0.091,0.1
1466,1466,HATS-57 b,HATS-57,1,1,1,Published Confirmed,0,2.350621,5239500.0,12.767,1000.21101,1000.21101,Mass,0.028,1413.0,5587.0,668488.32,0.268,[Fe/H],-0.094,2.5,279.485,0.48007478551083055,8.840105224070577,434.0622000755652,358.2915047252389,420.18757216342965,392.9188586432403,0.213,0.228
1485,1485,HATS-61 b,HATS-61,1,1,1,Published Confirmed,0,7.817953,11862000.0,13.395,1080.622,1080.622,Mass,0.092,1226.0,5542.0,1155927.72,0.247,[Fe/H],0.369,8.9,679.761,0.4490859747741479,8.970602063050377,376.5892597196131,310.8511464596881,364.55173179525895,340.8935910120104,0.224,0.238
1494,1494,HATS-65 b,HATS-65,1,2,1,Published Confirmed,0,3.105161,6745500.0,16.825,260.93843,260.93843,Mass,0.062,1634.0,6277.0,912208.02,0.199,[Fe/H],0.377,1.78,493.32,0.054721332881037775,3.9332136194285803,501.6950503554198,414.1182403668297,485.65856492123606,454.14101144558833,0.122,0.133
1497,1497,HATS-66 b,HATS-66,1,1,1,Published Confirmed,0,3.1414391,7071000.0,15.816,1694.0339,1694.0339,Mass,0.064,1998.0,6626.0,1281269.28,-0.017,[Fe/H],0.767,2.17,1477.98,0.42767707276624073,10.336387175687852,613.3473186981198,506.280283556787,593.741912315438,555.2101251221656,0.149,0.16
1500,1500,HATS-67 b,HATS-67,1,1,1,Published Confirmed,0,1.6091788,4548000.0,18.887,460.8535,460.8535,Mass,0.057,2193.0,6594.0,1002732.48,0.332,[Fe/H],0.547,0.51,960.109,0.06832156250698422,4.933509890080879,673.8087737281604,556.187475882724,652.2707406587454,609.9406358604363,0.098,0.107
1503,1503,HATS-68 b,HATS-68,1,1,1,Published Confirmed,0,3.5862202,7606500.0,13.809,410.0007,410.0007,Mass,0.036,1741.0,6147.0,1218598.5,0.21,[Fe/H],0.592,3.02,603.955,0.1555183895206103,5.442108956494939,534.6929462720977,441.355962929852,517.6016960423441,484.0111443411788,0.157,0.17
1519,1519,HATS-71 b,HATS-71,1,1,1,Published Confirmed,0,3.7955202,5617500.0,11.478,117.5971,117.5971,Mass,0.0,587.0,3405.0,334244.16,0.17,[Fe/H],-1.56,3.2,140.225,0.07767509473748471,3.196842527776717,180.2707846826396,148.80238521276027,174.50849978322907,163.1835044652427,0.171,0.16
1523,1523,HATS-72 b,HATS-72,1,1,1,Published Confirmed,0,7.3279474,9977550.000000002,8.097,39.85588,39.85588,Mass,0.013,739.0,4656.1,501366.24,0.099,[Fe/H],-0.659,12.17,127.589,0.07499008151091037,2.2158490920218075,227.2139194049711,187.55104006742332,219.95111562327085,205.67705242455204,0.236,0.222
1524,1524,HATS-74 A b,HATS-74 A,1,2,1,Published Confirmed,0,1.73185606,3576000.0,11.568,464.02947,464.02947,Mass,0.044,895.0,3776.9,403878.36,0.514,[Fe/H],-1.216,11.0,299.389,0.2994019082652469,6.325570345019864,275.421687339576,227.34357143672423,266.61794117116074,249.3153631351037,0.265,0.249
1526,1526,HATS-75 b,HATS-75,1,1,1,Published Confirmed,0,2.7886556,4911300.0,9.909,156.05375,156.05375,Mass,0.064,772.0,3790.4,403878.36,0.522,[Fe/H],-1.197,14.9,194.964,0.16020223288769686,3.9634943067223087,237.6012155146947,196.12511067880476,230.00638588851757,215.07977058593875,0.247,0.232
1529,1529,HATS-76 b,HATS-76,1,1,1,Published Confirmed,0,1.9416423,3987000.0,12.094,835.57088,835.57088,Mass,0.062,940.0,4016.0,438695.46,0.322,[Fe/H],-1.038,4.6,385.689,0.4717992479720688,8.301617404405306,288.9839825280286,238.5384074527436,279.7467229153614,261.59213255916734,0.276,0.259
1531,1531,HATS-77 b,HATS-77,1,1,1,Published Confirmed,0,3.0876262,5410500.0,13.058,436.69623,436.69623,Mass,0.045,828.0,4071.0,445658.88,0.253,[Fe/H],-0.992,12.1,436.176,0.1958994834098502,5.7757373747272105,254.72888170537996,210.26293998258635,246.5865729498116,230.58396111369,0.225,0.211
1849,1849,HD 136352 b,HD 136352,1,1,3,Published Confirmed,0,11.57797,14460000.0,1.664,4.72,4.72,Mass,0.0,905.0,5664.0,738122.52,-0.24,[M/H],0.016,12.3,14.682,1.023212586298141,1.6820944837227632,278.36379147263057,229.77209646541124,269.4660020999976,251.97859480505358,0.807,0.728
1853,1853,HD 136352 c,HD 136352,1,1,3,Published Confirmed,0,27.59221,25815000.0,2.916,11.24,11.24,Mass,0.0,677.0,5664.0,738122.52,-0.24,[M/H],0.016,12.3,14.682,0.4527803732853807,1.9608548379500061,208.33432266223903,171.9671004284002,201.67499778262004,188.5869911326278,0.503,0.469
1858,1858,HD 136352 d,HD 136352,1,1,3,Published Confirmed,0,107.245,63750000.0,2.562,8.82,8.82,Mass,0.0,431.0,5664.0,738122.52,-0.24,[M/H],0.016,12.3,14.682,0.5238597722517757,1.8531082012756743,132.57352232186398,109.43124462613073,128.33586169880846,120.00731016880196,0.408,0.375
2312,2312,HD 191939 b,HD 191939,1,1,6,Published Confirmed,0,8.8803256,12060000.0,3.41,10.0,10.0,Mass,0.031,880.0,5348.0,654561.48,-0.15,[Fe/H],-0.187,8.7,53.6089,0.2518956709983216,1.7103258461423294,271.1897281735274,223.85035084005546,262.52125491935817,245.48453758738464,0.497,0.47
2316,2316,HD 191939 c,HD 191939,1,1,6,Published Confirmed,0,28.579743,26280000.0,3.195,8.0,8.0,Mass,0.034,600.0,5348.0,654561.48,-0.15,[Fe/H],-0.187,8.7,53.6089,0.2449972673714911,1.5803948671567087,183.71059731622935,151.64173783145685,177.83836015566774,166.2972684688841,0.41,0.383
2320,2320,HD 191939 d,HD 191939,1,1,6,Published Confirmed,0,38.353037,31980000.0,2.995,2.8,2.8,Mass,0.031,540.0,5348.0,654561.48,-0.15,[Fe/H],-0.187,8.7,53.6089,0.10410015881127423,0.9656875904755221,166.5358200685843,137.46502126339757,161.2125679238647,150.7504323877377,0.332,0.315
2377,2377,HD 202772 A b,HD 202772 A,1,2,1,Published Confirmed,0,3.308958,7812000.0,17.318,323.23311,323.23311,Mass,0.038,2132.0,6272.0,1803525.7799999998,0.3,[Fe/H],0.971,1.7,161.498,0.06215935162957915,4.314844022546978,656.2446447205328,541.6893735134425,635.2680421431974,594.0413534038247,0.103,0.113
2381,2381,HD 20329 b,HD 20329,1,1,1,Published Confirmed,0,0.926118,2700000.0,1.72,7.42,7.42,Mass,0.0,2141.0,5596.0,786866.46,-0.07,[Fe/H],0.049,11.0,63.6796,1.45647289043112,2.07440608369834,656.5457699989428,541.9379338098552,635.5595420702356,594.3139359983949,0.445,0.463
2421,2421,HD 207897 b,HD 207897,1,1,1,Published Confirmed,0,16.202159,17445000.0,2.501,14.4,14.4,Mass,0.047,632.0,5070.0,543146.76,-0.042,[Fe/H],-0.444,7.1,28.2938,0.9194016054841742,2.3965166378490648,194.4739354263533,160.52620786057128,188.25765238631988,176.040384834891,0.553,0.507
2478,2478,HD 213885 b,HD 213885,1,1,2,Published Confirmed,0,1.008035,3018000.0,1.745,8.83,8.83,Mass,0.0,2128.0,5978.0,765976.2000000001,-0.04,[Fe/H],0.139,3.8,48.0883,1.659809517642129,2.2466668869220716,654.0143417108945,539.8483962959438,633.1090298941567,592.0224535484052,0.426,0.442
2518,2518,HD 21749 c,GJ 143,1,1,2,Published Confirmed,0,7.78993,10425000.000000002,0.892,3.7,3.7,Mass,,701.0,4640.0,480475.98,0.003,[Fe/H],-0.686,3.8,16.32,5.207041054227936,2.0341102258771064,218.85620179390597,180.65226100208233,211.86054917632015,198.1115356298841,0.505,0.451
2534,2534,HD 219134 b,HD 219134,1,1,6,Published Confirmed,0,3.092926,5814000.0,1.602,4.74,4.74,Mass,0.0,1015.0,4699.0,543146.76,0.11,[Fe/H],-0.577,11.0,6.53127,1.1515283839187915,1.7179636213576124,312.0393581895326,257.56919436836966,302.0651425400988,282.46216429409446,0.775,0.759
2537,2537,HD 219134 c,HD 219134,1,1,6,Published Confirmed,0,6.76458,9795000.0,1.511,4.36,4.36,Mass,0.062,782.0,4699.0,543146.76,0.11,[Fe/H],-0.577,11.0,6.53127,1.2623417240415082,1.696551551658474,240.40564961204234,198.4399976062233,232.7211773503212,217.6183815142301,0.733,0.657
2610,2610,HD 23472 b,HD 23472,1,1,5,Published Confirmed,0,17.667087,17430000.0,2.0,8.32,8.32,Mass,0.072,543.0,4684.0,494402.81999999995,-0.2,[Fe/H],-0.625,,39.0341,1.0387646939384354,2.0370548056189213,175.3065714463363,144.70473416205277,169.7029656752125,158.68983282433413,0.571,0.508
2614,2614,HD 23472 c,HD 23472,1,1,5,Published Confirmed,0,29.79749,24690000.0,1.87,3.41,3.41,Mass,0.063,467.0,4684.0,494402.81999999995,-0.2,[Fe/H],-0.625,,39.0341,0.5208508776178407,1.3486909225858879,147.29443698207677,121.58244936964738,142.58622809796285,133.33287730058262,0.501,0.464
2617,2617,HD 23472 d,HD 23472,1,1,5,Published Confirmed,0,3.97664,6447000.0,0.75,0.55,0.55,Mass,0.07,909.0,4684.0,494402.81999999995,-0.2,[Fe/H],-0.625,,39.0341,1.302155171888637,0.8552769371938062,288.24916278942874,237.9318591981411,279.0353914013841,260.92696398897414,0.882,0.826
2619,2619,HD 23472 e,HD 23472,1,1,5,Published Confirmed,0,7.90754,10200000.0,0.818,0.72,0.72,Mass,0.07,723.0,4684.0,494402.81999999995,-0.2,[Fe/H],-0.625,,39.0341,1.3138821918141235,0.9370130611769806,229.16421616199753,189.1608894383524,221.83907190969822,207.44248690756632,0.806,0.746
2621,2621,HD 23472 f,HD 23472,1,1,5,Published Confirmed,0,12.1621839,13590000.0,1.137,0.77,0.77,Mass,0.07,630.0,4684.0,494402.81999999995,-0.2,[Fe/H],-0.625,,39.0341,0.5232306447856956,0.8219041598010852,198.53503707945973,163.87839614575333,192.18894251854195,179.71654789653277,0.681,0.654
2647,2647,HD 260655 b,HD 260655,1,1,2,Published Confirmed,0,2.76953,4399500.0,1.24,2.14,2.14,Mass,0.039,709.0,3803.0,306390.48,-0.43,[Fe/H],-1.44,5.0,10.0055,1.1210695555177492,1.312055156325254,218.27059316022883,180.16887728771204,211.2936592928428,197.58143493022402,0.776,0.696
2650,2650,HD 260655 c,HD 260655,1,1,2,Published Confirmed,0,5.70588,7123500.0,1.533,3.09,3.09,Mass,0.038,557.0,3803.0,306390.48,-0.43,[Fe/H],-1.44,5.0,10.0055,0.8566745315237672,1.4179607534396697,171.53398432666194,141.59069678312443,166.05096782256598,155.27483694370554,0.631,0.583
2657,2657,HD 2685 b,HD 2685,1,1,1,Published Confirmed,0,4.12688,8520000.0,16.141,371.8611,371.8611,Mass,0.091,2061.0,6801.0,1086293.52,0.02,[Fe/H],0.668,1.31,196.852,0.08832289140153718,4.793814275068859,527.8093657197968,435.6739928491771,510.9381464414823,477.78003595736186,0.132,0.143
2761,2761,HD 332231 b,HD 332231,1,1,1,Published Confirmed,0,18.71204,21540000.0,9.718,77.55052,77.55052,Mass,0.032,876.0,6089.0,891317.76,0.036,[Fe/H],0.305,4.3,80.6665,0.08439911077504862,2.8213694405593386,269.3543788530825,222.33538346993166,260.7445718198041,243.82315504802668,0.239,0.226
2955,2955,HD 5278 b,HD 5278,1,1,2,Published Confirmed,0,14.339156,18030000.0,2.45,7.8,7.8,Mass,0.08,943.0,6203.0,828646.98,-0.12,[Fe/H],0.28,3.0,57.5846,0.5297612528479299,1.7820517328038312,290.201081310859,239.54304723529935,280.9249176131525,262.6938665146294,0.658,0.625
3191,3191,HD 86226 c,HD 86226,1,1,2,Published Confirmed,0,3.98442,7350000.0,2.16,7.25,7.25,Mass,0.075,1311.0,5863.0,731159.1,0.018,[Fe/H],0.072,4.6,45.683,0.7185559567779923,1.829777049207452,403.2303568344929,332.84172470206846,390.34125669404693,365.009465348822,0.6,0.643
3241,3241,HD 93963 A b,HD 93963 A,1,2,2,Published Confirmed,0,1.0391353,3127500.0,1.35,7.8,7.8,Mass,,2042.0,5987.0,724195.68,0.1,[Fe/H],0.098,1.4,82.3432,3.1664828347460308,2.400692111169639,627.477605378023,517.9439614256734,607.4205299259281,568.0010479751639,0.391,0.404
3243,3243,HD 93963 A c,HD 93963 A,1,2,2,Published Confirmed,0,3.6451398,7219500.0,3.228,19.2,19.2,Mass,,1344.0,5987.0,724195.68,0.1,[Fe/H],0.098,1.4,82.3432,0.5701439122060995,2.4357903163843897,412.9936073184348,340.9006842389551,399.7924287070828,373.8472891356679,0.481,0.515
3375,3375,HIP 65 A b,HIP 65 A,1,2,1,Published Confirmed,0,0.9809734,2673000.0,22.754,1021.18779,1021.18779,Mass,0.0,1411.0,4590.0,501366.24,0.18,[Fe/H],-0.678,4.1,61.7856,0.0865797232139776,6.690829731870099,434.20758959772127,358.41151478521533,420.3283143665566,393.05046716638356,0.121,0.13
3538,3538,K2-114 b,K2-114,1,1,1,Published Confirmed,0,11.3909311,14145000.0,10.447,638.8351,638.8351,Mass,0.081,701.0,4920.0,571000.44,0.41,[Fe/H],-0.445,7.2,475.758,0.5596259268431489,7.810064775126866,215.84670025196687,178.16810358006637,208.94724517032893,195.38729493180458,0.262,0.242
3664,3664,K2-136 c,K2-136,1,2,3,Published Confirmed,0,17.30713,17775000.0,3.0,18.1,18.1,Mass,0.047,470.0,4500.0,473512.56000000006,-0.02,[M/H],-0.777,0.65,59.2474,0.6695741082722821,2.4532098982993578,159.0530805540817,131.28848251007742,153.9690112419356,143.97695736721948,0.437,0.403
3670,3670,K2-136 d,K2-136,1,2,3,Published Confirmed,0,25.575,23070000.0,1.565,3.0,3.0,Mass,0.071,420.0,4500.0,473512.56000000006,-0.02,[M/H],-0.777,0.65,59.2474,0.7817395238847581,1.3828004260193905,139.6121105313318,115.24116394246957,135.14946419789626,126.3787335390987,0.543,0.5
3871,3871,K2-182 b,K2-182,1,1,1,Published Confirmed,0,4.7369683,7890000.0,2.69,20.0,20.0,Mass,0.04,969.0,5170.0,550110.18,0.12,[Fe/H],-0.408,2.07,154.83,1.026259041970979,2.7232963631856077,295.22857349232794,243.69293114221242,285.7917079796813,267.2448190957035,0.652,0.602
4023,4023,K2-199 b,K2-199,1,1,2,Published Confirmed,0,3.2253993,5730000.0,1.73,6.9,6.9,Mass,0.02,913.0,4491.0,473512.56000000006,-0.01,[Fe/H],-0.733,5.04,107.518,1.3310507738061454,1.9946079332840123,287.32246170179394,237.16692475542442,278.1383119504053,260.0881018775221,0.748,0.673
4031,4031,K2-199 c,K2-199,1,1,2,Published Confirmed,0,7.3744897,9930000.0,2.85,12.4,12.4,Mass,0.03,694.0,4491.0,473512.56000000006,-0.01,[Fe/H],-0.733,5.04,107.518,0.5350211444624547,2.0832647279981895,218.25905245353854,180.15935114799075,211.28248748031362,197.5709881295123,0.532,0.496
4086,4086,K2-216 b,K2-216,1,1,1,Published Confirmed,0,2.1748,4200000.0,1.75,8.0,8.0,Mass,0.0,1103.0,4503.0,501366.24,0.0,[Fe/H],-0.721,,115.461,1.4909383362202258,2.1354136643018298,337.9264955251573,278.937425436164,327.1248076881438,305.89554424213804,0.662,0.675
4159,4159,K2-237 b,K2-237,1,1,1,Published Confirmed,0,2.18053539,5337000.0,16.197,433.20012,433.20012,Mass,0.042,1828.0,6360.0,877390.92,0.137,[Fe/H],0.371,1.02,314.995,0.10182833966970257,5.165151224921063,562.0802016807314,463.9624487029637,544.1135285777968,508.80245105864446,0.129,0.141
4248,4248,K2-266 d,K2-266,1,2,4,Published Confirmed,0,14.697,15525000.0,2.93,8.9,8.9,Mass,0.047,538.0,4285.0,487439.39999999997,-0.12,[Fe/H],-0.823,,77.5586,0.3534036140533322,1.7406731942792102,165.74143140566972,136.8093025453825,160.44357158286533,150.0313412374436,0.423,0.393
4249,4249,K2-266 e,K2-266,1,2,4,Published Confirmed,0,19.482,18735000.0,2.73,14.3,14.3,Mass,0.043,490.0,4285.0,487439.39999999997,-0.12,[Fe/H],-0.823,,77.5586,0.7019916352669606,2.285823764134712,150.8759580903041,124.53877357122165,146.05326728924953,136.57491769434733,0.444,0.409
4401,4401,K2-291 b,K2-291,1,1,1,Published Confirmed,0,2.225177,4891500.0,1.589,6.49,6.49,Mass,0.0,,5520.0,626707.8,0.08,[Fe/H],-0.166,3.72,90.0562,1.6156855693993566,2.018442806777786,430.99860128181416,355.7626933671054,417.2219001030544,390.1456483955571,0.586,0.602
4451,4451,K2-30 b,K2-30,1,1,1,Published Confirmed,0,4.098503,7258500.0,11.646,184.02357,184.02357,Mass,0.0,1092.0,5425.0,584927.28,-0.15,[Fe/H],-0.256,3.9,333.042,0.11636622217582597,3.970126831699118,335.94907457732705,277.30518672302577,325.21059422502907,304.10555658197455,0.219,0.234
4511,4511,K2-329 b,K2-329,1,1,1,Published Confirmed,0,12.4551225,15240000.0,8.676,82.6358,82.6358,Mass,0.0697,650.0,5282.0,571000.44,0.098,[Fe/H],-0.325,1.8,233.237,0.1263843929364626,3.0823389516278654,222.82012122824133,183.92423137520026,215.6977634812627,201.69972805857674,0.247,0.232
4842,4842,K2-415 b,K2-415,1,1,1,Published Confirmed,0,4.0179694,4050000.0,1.015,7.5,7.5,Mass,,412.0,3173.0,139268.4,-0.13,[Fe/H],-2.455,,21.8182,7.163858144073466,2.714898882930472,126.82923650674374,104.68969189955614,122.77518972587923,114.80750648673826,0.31,0.27
5133,5133,KELT-1 b,KELT-1,1,1,1,Published Confirmed,0,1.217514,3699000.0,12.442,8654.15,8654.15,Mass,0.0099,,6518.0,1016659.32,,,0.542,,268.43,4.487843133157899,26.34044810727334,744.997343279286,614.9492379050097,721.1837955164765,674.3814728916353,0.088,0.09
5137,5137,KELT-10 b,KELT-10,1,1,1,Published Confirmed,0,4.1662739,7875000.0,15.681,215.80657,215.80657,Mass,,1377.0,5948.0,842573.82,0.09,[Fe/H],0.217,4.5,188.404,0.055901986193848674,3.7051133764866564,423.4689854680367,349.5474611274595,409.93296550436395,383.3297403274127,0.142,0.153
5149,5149,KELT-12 b,KELT-12,1,1,1,Published Confirmed,0,5.031623,10062000.0,19.952,301.9385,301.9385,Mass,0.0,1800.0,6279.0,1650330.54,0.19,[Fe/H],0.892,2.2,368.03,0.03797021232509429,3.885277801611503,552.5285621930432,456.078160957933,534.8672034985492,500.1561803513108,0.097,0.106
5163,5163,KELT-16 b,KELT-16,1,2,1,Published Confirmed,0,0.9689951,3066000.0,15.861,874.0325,874.0325,Mass,0.0,2453.0,6236.0,947025.1200000001,-0.002,[Fe/H],0.401,3.1,444.586,0.2187861002333567,7.414033713625954,754.5027281030442,622.7953452852513,730.3853444439775,682.9858732638991,0.12,0.13
5164,5164,KELT-17 b,KELT-17,1,1,1,Published Confirmed,0,3.0801716,7321500.0,17.094,416.3573,416.3573,Mass,,2087.0,7454.0,1148964.3,-0.018,[Fe/H],0.876,0.65,226.5,0.08325664873260046,4.929096154112495,641.7957787752307,529.7627281611997,621.2810285285254,580.9620483758148,0.111,0.121
5168,5168,KELT-18 b,KELT-18,1,2,1,Published Confirmed,0,2.8717518,6825000.0,17.598,375.0394,375.0394,Mass,0.0,2085.0,6670.0,1330013.22,0.09,[Fe/H],0.813,1.9,321.376,0.06873386981548923,4.610657256519119,641.0553984627434,529.1515899967065,620.5643141822233,580.2918463004124,0.106,0.115
5174,5174,KELT-19 A b,KELT-19 A,1,2,1,Published Confirmed,0,4.6117093,9555000.000000002,21.409,1293.5681,1293.5681,Mass,,1935.0,7500.0,1274305.86,-0.12,[Fe/H],0.978,,300.276,0.13166913774053954,7.763409697340579,595.7739967223531,491.7745929607793,576.7303146813703,539.3025210689069,0.109,0.119
5179,5179,KELT-20 b,KELT-20,1,1,1,Published Confirmed,0,3.4741085,8130000.0,19.515,1074.90106,1074.90106,Mass,,2262.0,8720.0,1086293.52,-0.29,[Fe/H],1.104,0.6,136.426,0.1444596855545166,7.4123516753587335,694.4670053122051,573.2395685964441,672.2686399758903,628.6407409932432,0.106,0.115
5185,5185,KELT-21 b,KELT-21,1,1,1,Published Confirmed,0,3.6127647,7836000.0,17.777,1242.7153,1242.7153,Mass,0.0,2051.0,7598.0,1142000.88,-0.405,[Fe/H],0.905,1.6,470.878,0.22094290959510185,8.350502967358338,630.8116073247869,520.6959738654919,610.6479618086285,571.01903074217,0.127,0.137
5187,5187,KELT-23 A b,KELT-23 A,1,2,1,Published Confirmed,0,2.255251,4953000.0,14.83,298.12454,298.12454,Mass,0.0,1561.0,5899.0,696342.0,-0.105,[Fe/H],0.034,6.4,126.261,0.09129733785127966,4.478002543023995,480.576716366138,396.68636156929165,465.2152701917065,435.02441551516443,0.148,0.16
5192,5192,KELT-24 b,KELT-24,1,1,1,Published Confirmed,0,5.5514926,10453500.0,14.258,1646.3594,1646.3594,Mass,0.077,1459.0,6509.0,1051476.42,0.186,[Fe/H],0.565,0.78,96.5173,0.567325960921839,10.73220764857278,449.0720523163259,370.681209574243,434.7176403667402,406.5059759038924,0.198,0.211
5204,5204,KELT-4 A b,KELT-4 A,1,3,1,Published Confirmed,0,2.9895932,6475500.0,19.044,286.68266,286.68266,Mass,0.0,1823.0,6206.0,1114147.2,-0.116,[Fe/H],0.535,4.44,218.05,0.04145822917432876,3.8750532475192645,560.802880700396,462.90809922037386,542.8770366614146,507.6462031715282,0.101,0.11
5230,5230,KELT-9 b,KELT-9,1,2,1,Published Confirmed,0,1.4811235,5193000.0,21.196,915.3504,915.3504,Mass,0.0,4050.0,10170.0,1643367.1199999999,-0.03,[Fe/H],1.724,0.3,204.455,0.09600845568125856,6.563307932677553,1241.6172234083979,1024.8782390872157,1201.9294160363406,1123.9283729578087,0.061,0.067
5695,5695,KOI-94 d,KOI-94,1,2,4,Published Confirmed,0,22.342989,25260000.0,11.27,106.0,106.0,Mass,0.022,806.0,6182.0,1058439.84,0.023,[Fe/H],0.479,3.16,477.052,0.07396358582625842,3.063000183753802,274.93511793684047,226.94193848313137,266.1469247684681,248.87491406043134,0.218,0.206
5712,5712,KOI-94 e,KOI-94,1,2,4,Published Confirmed,0,54.32031,45690000.0,6.56,35.0,35.0,Mass,0.019,584.0,6182.0,1058439.84,0.023,[Fe/H],0.479,3.16,477.052,0.1238341327837476,2.3069498345697,204.42608461651125,168.74109159836507,197.89168503254598,185.04920223516996,0.272,0.255
10878,10878,Kepler-138 b,Kepler-138,1,1,4,Published Confirmed,0,10.3134,11295000.0,0.64,0.07,0.07,Mass,0.02,452.0,3841.0,376024.68000000005,-0.18,[Fe/H],-1.252,,66.8624,0.2667116332996459,0.33030494933323945,151.79370871879664,125.29631996339282,146.94168237900075,137.40567773151167,0.377,0.366
10899,10899,Kepler-138 c,Kepler-138,1,1,4,Published Confirmed,0,13.7815,13695000.0,1.51,2.3,2.3,Mass,0.017,410.0,3841.0,376024.68000000005,-0.18,[Fe/H],-1.252,,66.8624,0.6672380969502842,1.2326264781594511,137.85288877284182,113.78903516718108,133.44647527264942,124.78626267818083,0.537,0.496
10926,10926,Kepler-138 d,Kepler-138,1,1,4,Published Confirmed,0,23.0923,19320000.0,1.51,2.1,2.1,Mass,0.01,345.0,3841.0,376024.68000000005,-0.18,[Fe/H],-1.252,,66.8624,0.6092173928676509,1.177815382445033,116.06287616118541,95.80272720197893,112.35297186436256,105.06165435314503,0.472,0.434
12363,12363,Kepler-15 b,Kepler-15,1,1,1,Published Confirmed,0,4.942782,8571000.0,10.76,209.76,209.76,Mass,0.06,,5515.0,689378.58,0.36,[Fe/H],-0.087,3.7,739.412,0.1681782005029942,4.409722390391732,340.74629481435187,281.2649953793031,329.85447319946593,308.44806394581303,0.241,0.257
14602,14602,Kepler-17 b,Kepler-17,1,1,1,Published Confirmed,0,1.4857108,3886500.0,14.68,778.65,778.65,Mass,0.011,1570.0,5781.0,703305.42,0.26,[M/H],0.012,,720.753,0.24583740450023794,7.273847044842392,535.6949516821237,442.1830564340515,518.5716727425961,484.91817292370274,0.161,0.174
15659,15659,Kepler-18 b,Kepler-18,1,1,3,Published Confirmed,0,3.504725,6704999.999999999,2.0,6.9,6.9,Mass,0.0,,5345.0,772939.6200000001,0.19,[Fe/H],-0.031,10.0,433.047,0.8614755274249044,1.8550926118402777,397.87577593252814,328.42184928282217,385.15783286963295,360.162427721158,0.635,0.678
15668,15668,Kepler-18 c,Kepler-18,1,1,3,Published Confirmed,0,7.64159,11280000.0,5.49,17.3,17.3,Mass,0.0,,5345.0,772939.6200000001,0.19,[Fe/H],-0.031,10.0,433.047,0.10442702620525106,1.772935465235064,306.75548704979576,253.20768548530864,296.9501682681075,277.6791340807242,0.337,0.341
15678,15678,Kepler-18 d,Kepler-18,1,1,3,Published Confirmed,0,14.85888,17580000.0,6.98,16.4,16.4,Mass,0.0,,5345.0,772939.6200000001,0.19,[Fe/H],-0.031,10.0,433.047,0.04816831131322712,1.5309121187808545,245.71827302070653,202.8252397093077,237.86398483624507,222.42743866265326,0.242,0.229
18780,18780,Kepler-23 b,Kepler-23,1,1,3,Published Confirmed,0,7.1073,11250000.0,1.9,254.3,254.3,Mass,,,5760.0,1058439.84,-0.09,[M/H],0.362,6.0,835.756,37.03133749993609,11.554533813840084,385.1417757569978,317.91071958005614,372.83087001326516,348.6354419249722,0.154,0.154
18800,18800,Kepler-23 c,Kepler-23,1,1,3,Published Confirmed,0,10.7421,14850000.0,3.2,858.1,858.1,Mass,,,5760.0,1058439.84,-0.09,[M/H],0.362,6.0,835.756,26.156028861077278,16.354979725131905,335.2228876719659,276.7057643384268,324.5076195991633,303.44820256688985,0.147,0.147
19119,19119,Kepler-24 b,Kepler-24,1,1,4,Published Confirmed,0,8.1453,12000000.0,2.4,508.5,508.5,Mass,,,5800.0,745085.9400000001,-0.24,[M/H],0.064,7.7,1156.81,36.74016251472456,14.537706812447118,314.12772327443355,259.2930106061221,304.08675385447407,284.3525800581181,0.152,0.147
19127,19127,Kepler-24 c,Kepler-24,1,1,4,Published Confirmed,0,12.3335,15900000.0,2.8,508.5,508.5,Mass,,,5800.0,745085.9400000001,-0.24,[M/H],0.064,7.7,1156.81,23.13666210839797,13.459301171563894,272.89672734554506,225.25937309953915,264.17369053261865,247.02973587062002,0.177,0.156
20694,20694,Kepler-289 b,Kepler-289,1,1,3,Published Confirmed,0,34.545,31500000.0,2.15,7.3,7.3,Mass,,,5990.0,696342.0,0.05,[Fe/H],0.061,0.65,704.438,0.7336540532716113,1.8403407741573898,193.54930348415266,159.76298136945914,187.36257594135319,175.2033957413203,0.581,0.539
20697,20697,Kepler-289 c,Kepler-289,1,1,3,Published Confirmed,0,125.8518,76500000.0,11.59,132.0,132.0,Mass,,,5990.0,696342.0,0.05,[Fe/H],0.061,0.65,704.438,0.0846851896009285,3.370554050168728,124.19844892334591,102.51813943149051,120.2284942353408,112.42608268521505,0.135,0.125
20709,20709,Kepler-289 d,Kepler-289,1,1,3,Published Confirmed,0,66.0634,49500000.0,2.68,4.0,4.0,Mass,,,5990.0,696342.0,0.05,[Fe/H],0.061,0.65,704.438,0.20755798704254558,1.2201652350142376,154.39893138890815,127.44677017641771,149.4636301286751,139.76395983456854,0.385,0.359
22655,22655,Kepler-35 b,Kepler-35,1,2,1,Published Confirmed,0,131.458,90520500.0,8.16,40.363,40.363,Mass,0.042,,5606.0,717232.26,-0.34,[m/H],-0.027,,1819.17,0.0741987864947344,2.221276836658375,108.53590143559913,89.58967501731587,105.06659393251547,98.24813703304895,0.145,0.134
23928,23928,Kepler-4 b,Kepler-4,1,1,1,Published Confirmed,0,3.21346,6840000.0,4.002,24.472,24.472,Mass,0.0,1650.0,5857.0,1037549.58,0.17,[Fe/H],0.354,4.5,487.916,0.38134850833681927,2.4697457006949906,491.6644853611311,405.8386292317841,475.9486230012902,445.06121101971246,0.372,0.401
24396,24396,Kepler-422 b,Kepler-422,1,1,1,Published Confirmed,0,7.8914483,12300000.0,12.89,136.66,136.66,Mass,,,5972.0,863464.08,0.23,[Fe/H],0.24,,722.795,0.06373331454829213,3.25199820921221,343.3557573250571,283.41894531855587,332.38052526489304,310.81018400879043,0.183,0.197
24417,24417,Kepler-424 b,Kepler-424,1,1,2,Published Confirmed,0,3.3118644,6600000.0,9.98,327.35,327.35,Mass,,,5460.0,654561.48,0.44,[Fe/H],-0.15,,698.646,0.3289308158962127,5.720012136148599,374.47680425161326,309.10744510038296,362.5068001374281,338.9813683137965,0.26,0.278
24928,24928,Kepler-46 b,Kepler-46,1,1,3,Published Confirmed,0,33.60134,29520000.0,9.057,1907.0,1907.0,Mass,0.01,543.0,5155.0,654561.48,0.41,[M/H],-0.255,9.7,777.06,2.5637839871945762,14.49236324483481,166.68200392748568,137.58568699923725,161.35407907307453,150.88275995503474,0.178,0.156
27256,27256,Kepler-62 b,Kepler-62,1,1,5,Published Confirmed,0,5.714932,8295000.0,1.31,9.0,9.0,Mass,,750.0,4925.0,445658.88,-0.37,[Fe/H],-0.678,7.0,300.874,3.9986414479619845,2.617831294671894,246.48397803628652,203.45728185018075,238.60521439144227,223.12056499506997,0.532,0.472
27260,27260,Kepler-62 c,Kepler-62,1,1,5,Published Confirmed,0,12.4417,13935000.0,0.54,4.0,4.0,Mass,,578.0,4925.0,445658.88,-0.37,[Fe/H],-0.678,7.0,300.874,25.37245861174704,2.718248543529487,190.1706115755254,156.97408012964996,184.0918825938856,172.14495902830114,0.243,0.215
27273,27273,Kepler-62 d,Kepler-62,1,1,5,Published Confirmed,0,18.16406,18000000.0,1.95,14.0,14.0,Mass,,510.0,4925.0,445658.88,-0.37,[Fe/H],-0.678,7.0,300.874,1.8858538923367523,2.6761026026587804,167.32492427412922,138.116377988633,161.97644872310073,151.46473997715535,0.466,0.411
27288,27288,Kepler-62 e,Kepler-62,1,1,5,Published Confirmed,0,122.3874,64050000.0,1.61,36.0,36.0,Mass,,270.0,4925.0,445658.88,-0.37,[Fe/H],-0.678,7.0,300.874,8.6160599790815,4.722743517968379,88.70279869592535,73.21867514049892,85.8674485399874,80.29494947036758,0.18,0.155
27291,27291,Kepler-62 f,Kepler-62,1,1,5,Published Confirmed,0,267.291,107700000.0,1.41,35.0,35.0,Mass,,208.0,4925.0,445658.88,-0.37,[Fe/H],-0.678,7.0,300.874,12.470806689822595,4.976001631753487,68.40518756087432,56.46425230745991,66.21864258068084,61.92128274937654,0.133,0.113
29368,29368,Kepler-79 b,Kepler-79,1,1,4,Published Confirmed,0,13.4845,17550000.0,3.47,10.9,10.9,Mass,0.015,,6174.0,905244.6,-0.073,[M/H],0.342,3.44,1020.72,0.26056850093375,1.7701275434749184,304.8304374187889,251.6186760556828,295.08665209322277,275.936553630929,0.497,0.498
29382,29382,Kepler-79 c,Kepler-79,1,1,4,Published Confirmed,0,27.4029,28050000.0,3.72,5.9,5.9,Mass,0.03,,6174.0,905244.6,-0.073,[M/H],0.342,3.44,1020.72,0.11447404599437037,1.25779708567818,241.1184576128686,199.02837653245038,233.411200723086,218.26362476754184,0.388,0.367
29391,29391,Kepler-79 d,Kepler-79,1,1,4,Published Confirmed,0,52.0902,43050000.0,7.16,6.0,6.0,Mass,0.025,,6174.0,905244.6,-0.073,[M/H],0.342,3.44,1020.72,0.016326610211761794,0.9142714585150996,194.63023713524052,160.65522525590904,188.40895797241072,176.18187121414553,0.158,0.153
29410,29410,Kepler-79 e,Kepler-79,1,1,4,Published Confirmed,0,81.0659,57900000.0,3.49,4.1,4.1,Mass,0.012,,6174.0,905244.6,-0.073,[M/H],0.342,3.44,1020.72,0.09633662262645425,1.0825183405906076,167.82536786714658,138.5294632283546,162.46089583302668,151.91774815282574,0.311,0.291
29535,29535,Kepler-80 b,Kepler-80,1,1,6,Published Confirmed,0,7.05246,9720000.0,2.67,6.93,6.93,Mass,,,4540.0,473512.56000000006,0.04,[Fe/H],-0.77,2.0,369.451,0.36364974837982295,1.6090407197943748,215.95524539966166,178.2577008872989,209.0523207149676,195.48555143867407,0.52,0.486
29551,29551,Kepler-80 c,Kepler-80,1,1,6,Published Confirmed,0,9.52355,11880000.000000002,2.74,6.74,6.74,Mass,,,4540.0,473512.56000000006,0.04,[Fe/H],-0.77,2.0,369.451,0.32725933907584975,1.5664290010365043,195.33886922721868,161.2401572276109,189.09493891761522,176.82333437940056,0.477,0.446
29567,29567,Kepler-80 d,Kepler-80,1,1,6,Published Confirmed,0,3.07222,5580000.0,1.53,6.75,6.75,Mass,,,4540.0,473512.56000000006,0.04,[Fe/H],-0.77,2.0,369.451,1.8824060989175242,2.097791006764466,285.02292340429887,235.2687980891554,275.91227749231825,258.0065293215592,0.704,0.632
29574,29574,Kepler-80 e,Kepler-80,1,1,6,Published Confirmed,0,4.64489,7365000.0,1.6,4.13,4.13,Mass,,,4540.0,473512.56000000006,0.04,[Fe/H],-0.77,2.0,369.451,1.0071031273394628,1.6046158685103422,248.09071691008367,204.78354543335638,240.1605944875757,224.57500632702695,0.776,0.698
30857,30857,Kepler-9 b,Kepler-9,1,1,3,Published Confirmed,0,19.23891,21450000.0,8.29,43.4,43.4,Mass,0.0609,,5774.0,668488.32,0.05,[Fe/H],-0.038,2.0,628.257,0.07608691553992847,2.2851970130702766,221.55586005586534,182.88066195649154,214.47391392120272,200.55530208278233,0.23,0.217
30866,30866,Kepler-9 c,Kepler-9,1,1,3,Published Confirmed,0,38.9853,34050000.0,8.08,29.9,29.9,Mass,0.06691,,5774.0,668488.32,0.05,[Fe/H],-0.038,2.0,628.257,0.05661362278537491,1.9212592083293991,175.84836372835656,145.15195018763566,170.2274397795214,159.1802703815231,0.192,0.179
32079,32079,L 98-59 d,L 98-59,1,1,4,Published Confirmed,0,7.4507245,7290000.0,1.521,1.94,1.94,Mass,0.074,416.0,3415.0,208902.6,-0.46,[Fe/H],-1.948,0.8,10.6194,0.5506782564146664,1.12795638292766,126.57068354652958,104.476272419237,122.5249013095897,114.5734609190558,0.494,0.456
32085,32085,LHS 1140 b,LHS 1140,1,1,2,Published Confirmed,0,24.73694,14354999.999999998,1.635,6.38,6.38,Mass,0.096,379.0,2988.0,146231.82,-0.262,[Fe/H],-2.488,,14.9861,1.4579789327022974,1.972911067599242,66.09906119782863,54.56068760047011,63.986230641973506,59.83374658912747,0.279,0.242
32090,32090,LHS 1478 b,LHS 1478,1,1,1,Published Confirmed,0,1.9495378,2772000.0,1.242,2.33,2.33,Mass,,595.0,3381.0,174085.5,-0.13,[Fe/H],-2.146,,18.2276,1.214716622120708,1.3679594088201634,183.14719715788286,151.17668584014947,177.2929688623211,165.7872711755506,0.684,0.61
32097,32097,LHS 1815 b,LHS 1815,1,1,1,Published Confirmed,0,3.81433,6060000.0,1.088,8.7,8.7,Mass,0.0,617.0,3643.0,348171.0,-0.12,[Fe/H],-1.387,,29.8424,6.747088510676975,2.8242375755878153,191.73905279608778,158.26873136832162,185.61018920624304,173.56473281676992,0.404,0.355
32103,32103,LP 714-47 b,LP 714-47,1,1,1,Published Confirmed,0,4.052037,6255000.0,4.7,30.8,30.8,Mass,0.04,700.0,3950.0,403878.36,0.41,[Fe/H],-1.125,,52.616,0.2963063669501849,2.5567159308676293,219.44881127139178,181.14142348010014,212.43421612438064,198.6479735861824,0.388,0.363
32109,32109,LP 791-18 c,LP 791-18,1,1,3,Published Confirmed,0,4.9899093,4441500.0,2.438,7.1,7.1,Mass,8e-05,324.0,2960.0,125341.56,-0.09,[Fe/H],-2.638,0.5,26.4927,0.4893742183857491,1.7043876238210727,109.00139509524824,89.9739112482678,105.51720826997996,98.66950806564094,0.36,0.331
32111,32111,LP 791-18 d,LP 791-18,1,1,3,Published Confirmed,0,2.753436,2988000.0,1.032,0.9,0.9,Mass,0.0015,396.0,2960.0,125341.56,-0.09,[Fe/H],-2.638,0.5,26.4927,0.8178756123265499,0.9326902875680964,132.89437319233082,109.69608717899978,128.6464566970933,120.29774863083937,0.599,0.566
32113,32113,LP 890-9 b,LP 890-9,1,1,2,Published Confirmed,0,2.7299025,2812500.0,1.32,13.2,13.2,Mass,,396.0,2850.0,111414.72,-0.028,[Fe/H],-2.841,7.2,32.4298,5.732393283459791,3.158319401982681,121.87106999037911,100.59703204224232,117.97550905677105,110.31930841689028,0.296,0.257
32114,32114,LP 890-9 c,LP 890-9,1,1,2,Published Confirmed,0,8.457463,5976000.0,1.367,25.3,25.3,Mass,,272.0,2850.0,111414.72,-0.028,[Fe/H],-2.841,7.2,32.4298,9.892335073158707,4.296670514439676,83.60679882278576,69.01224237047435,80.93434030327178,75.68198281846487,0.175,0.15
32126,32126,LTT 9779 b,LTT 9779,1,1,1,Published Confirmed,0,0.792052,2518500.0,4.72,29.32,29.32,Mass,0.0,1978.0,5443.0,661524.9,0.27,[Fe/H],-0.149,1.9,80.4373,0.278497827030094,2.489241494835562,606.5629958349925,500.6802445606511,587.1744476706612,549.0688661146244,0.286,0.311
32135,32135,MASCARA-4 b,MASCARA-4,1,2,1,Published Confirmed,0,2.82406,7050000.0,17.15,985.273,985.273,Mass,0.0,2100.0,7800.0,1336976.64,0.0,[Fe/H],1.087,0.8,170.696,0.1950958581435445,7.570111511632165,738.5031144583965,609.5886536019732,714.8971521717017,668.5028108574205,0.114,0.124
32246,32246,NGTS-13 b,NGTS-13,1,1,1,Published Confirmed,0,4.119027,8235000.0,12.801,1538.2972,1538.2972,Mass,0.086,1605.0,5819.0,1246452.18,0.25,[Fe/H],0.517,4.23,647.595,0.7324743106215794,10.948489954555617,492.1699433108237,406.2558535128646,476.4379241859478,445.5187582575295,0.202,0.216
32260,32260,NGTS-23 b,NGTS-23,1,1,1,Published Confirmed,0,4.0764326,7560000.0,14.202,194.82881,194.82881,Mass,0.0,1327.0,6057.0,863464.08,-0.26,[Fe/H],0.283,6.39,1074.95,0.06793420443823034,3.6992006016793,448.9376117981031,370.5702372399515,434.58749718693196,406.38427856428007,0.15,0.163
32261,32261,NGTS-24 b,NGTS-24,1,1,1,Published Confirmed,0,3.4678796,7185000.0,13.608,165.27077,165.27077,Mass,0.0,1499.0,5820.0,1142000.88,0.27,[Fe/H],0.446,4.77,683.062,0.06550839960144623,3.4806224991566808,505.8054487583669,417.51112007060425,489.63757605203267,457.8617985788006,0.142,0.154
32263,32263,NGTS-25 b,NGTS-25,1,1,1,Published Confirmed,0,2.823093,5820000.0,11.467,203.09235,203.09235,Mass,0.0,1101.0,5321.0,598854.12,0.12,[Fe/H],-0.292,3.49,521.233,0.13453273404628063,4.20317937572998,367.4814297080078,303.3331959929769,355.73502999632916,332.6490625267988,0.215,0.231
32272,32272,NGTS-6 b,NGTS-6,1,1,1,Published Confirmed,0,0.882059,2515500.0,14.863,425.57437,425.57437,Mass,0.0,1284.0,4730.0,522256.5,0.11,[Fe/H],-0.592,9.77,308.262,0.12946127278411906,5.344296464853567,470.3105585608557,388.21228313730427,455.2772660925308,425.73135335310417,0.159,0.171
32571,32571,OGLE-TR-10 b,OGLE-TR-10,1,1,1,Published Confirmed,0,3.101278,6510000.0,14.011,197.046,197.046,Mass,,,5950.0,814720.1399999999,,,0.188,,1344.97,0.07155567203296802,3.745461120866183,458.0431528581658,378.08629831870786,443.40198319975707,414.62673506020656,0.151,0.164
32592,32592,OGLE-TR-113 b,OGLE-TR-113,1,1,1,Published Confirmed,0,1.4324752,3433500.0,12.251,400.449,400.449,Mass,,,4790.0,536183.34,,,-0.529,,566.459,0.2175286350674066,5.710102248605933,417.42491155049595,344.55845186056354,404.08208803808003,377.85856448021383,0.206,0.221
32604,32604,OGLE-TR-132 b,OGLE-TR-132,1,1,1,Published Confirmed,0,1.689868,4552500.0,13.45,375.02,375.02,Mass,,2013.0,6210.0,919171.4400000001,0.37,[Fe/H],0.371,1.2,2012.62,0.1539470663679826,5.273781359247004,608.5859367749464,502.35005721243266,589.132726097212,550.9000590751975,0.146,0.159
32679,32679,Qatar-1 b,Qatar-1,1,1,1,Published Confirmed,0,1.4200242,3498000.0,12.812,411.27202,411.27202,Mass,0.0,1418.0,5013.0,557073.6,0.171,[Fe/H],-0.438,,185.615,0.19532697089798384,5.6586413051140605,435.7997603702155,359.7257533016242,421.86959202502914,394.49172125988594,0.193,0.207
32690,32690,Qatar-10 b,Qatar-10,1,1,1,Published Confirmed,0,1.645321,4290000.0,17.295,233.92288,233.92288,Mass,0.0,1955.0,6124.0,870427.5,0.016,[Fe/H],0.3,3.2,559.068,0.04516425430144545,3.6730946212739135,601.8222549383232,496.76705610728095,582.5852426966261,544.7774845985227,0.103,0.113
32705,32705,Qatar-3 b,Qatar-3,1,1,1,Published Confirmed,0,2.5079204,5674500.0,12.285,1369.8473,1369.8473,Mass,0.0,1681.0,6007.0,884354.34,-0.041,[Fe/H],0.279,0.31,735.601,0.7379560821456967,10.546407474676329,516.9911270522524,426.74420580483996,500.4657085281863,467.98722287886363,0.201,0.215
32710,32710,Qatar-4 b,Qatar-4,1,1,1,Published Confirmed,0,1.8053564,4204500.0,12.722,1938.763,1938.763,Mass,0.0,1385.0,5215.0,591890.7,0.103,[Fe/H],-0.318,0.17,329.036,0.940464463892192,12.32936512512908,425.93145245465735,351.5800753514553,412.3167206999571,385.5587980930076,0.223,0.233
32712,32712,Qatar-5 b,Qatar-5,1,1,1,Published Confirmed,0,2.8792319,6190500.0,12.408,1373.0256,1373.0256,Mass,0.0,1415.0,5747.0,752049.3600000001,0.377,[Fe/H],0.056,0.53,367.658,0.7178887063708176,10.506171194471209,435.3454659480846,359.3507613487078,421.42981894584983,394.08048792558367,0.222,0.236
32716,32716,Qatar-6 b,Qatar-6,1,2,1,Published Confirmed,0,3.506195,6345000.0,11.904,212.31044,212.31044,Mass,0.0,1006.0,5052.0,501366.24,-0.025,[Fe/H],-0.514,1.02,100.848,0.12571191340893248,4.217890144917147,309.7284338146341,255.66166919929373,299.828085956105,280.3702849099004,0.228,0.232
32720,32720,Qatar-7 b,Qatar-7,1,1,1,Published Confirmed,0,2.032046,5280000.0,19.055,597.5204,597.5204,Mass,0.0,2053.0,6387.0,1086293.52,0.276,[Fe/H],0.563,1.69,705.981,0.08626005261779762,5.592782629765924,631.1461370017905,520.9721074272902,610.9717983757662,571.3218514412488,0.106,0.115
32722,32722,Qatar-8 b,Qatar-8,1,1,1,Published Confirmed,0,3.71495,7110000.0,14.404,117.91493,117.91493,Mass,0.0,1457.0,5738.0,912208.02,0.025,[Fe/H],0.228,8.3,281.498,0.03940971555558081,2.857583244086824,448.4996302225897,370.20871053316773,434.1635155206288,405.9878118350244,0.135,0.146
32728,32728,Qatar-9 b,Qatar-9,1,1,1,Published Confirmed,0,1.540731,3510000.0,11.31,378.2177,378.2177,Mass,0.0,1134.0,4309.0,487439.39999999997,0.252,[Fe/H],-0.821,7.5,213.771,0.26111864017137926,5.775580885769278,348.9742089286128,288.05662968479055,337.81938526745677,315.89608089413787,0.245,0.261
32762,32762,TOI-1064 b,TOI-1064,1,1,2,Published Confirmed,0,6.443868,9228000.0,2.587,13.5,13.5,Mass,0.047,784.0,4734.0,508329.66,0.05,[Fe/H],-0.623,9.4,68.0726,0.778804268645725,2.2815223007375547,241.20877149082966,199.10292505389873,233.49862775337456,218.345378087324,0.609,0.567
32764,32764,TOI-1064 c,TOI-1064,1,1,2,Published Confirmed,0,12.226574,14143500.0,2.651,2.5,2.5,Mass,0.088,634.0,4734.0,508329.66,0.05,[Fe/H],-0.623,9.4,68.0726,0.1340277313159773,0.9698871127121717,194.8356578756258,160.8247873743372,188.60781251943064,176.3678207919705,0.406,0.386
32770,32770,TOI-1107 b,TOI-1107,1,1,1,Published Confirmed,0,4.0782387,8415000.0,14.572,1064.72516,1064.72516,Mass,0.025,1728.0,6311.0,1260379.02,-0.1,[Fe/H],0.671,2.6,281.314,0.3436876052060537,8.5371954719303,532.0100414970456,439.1413909428865,515.0045492657333,481.58254336675975,0.168,0.181
32773,32773,TOI-1130 c,TOI-1130,1,1,2,Published Confirmed,0,8.350381,10647000.0,16.814,309.56642,309.56642,Mass,0.047,637.0,4250.0,480475.98,0.2,[Fe/H],-0.854,8.2,58.2609,0.06504659334969658,4.285460032537425,196.59988644309905,162.28104896083153,190.31564821297616,177.96482388276422,0.14,0.131
32788,32788,TOI-1201 b,TOI-1201,1,2,1,Published Confirmed,0,2.4919863,4305000.0,2.415,6.28,6.28,Mass,0.0,703.0,3476.0,355134.42,0.05,[Fe/H],-1.469,,37.8871,0.4453403841039656,1.6105614606075729,217.0002887723397,179.12031956829617,210.06395968628237,196.43153855562147,0.56,0.524
32796,32796,TOI-1231 b,TOI-1231,1,1,1,Published Confirmed,0,24.245586,19320000.0,3.65,15.4,15.4,Mass,0.087,330.0,3553.0,334244.16,0.041,[Fe/H],-1.487,,27.6227,0.3163195020872511,2.051492702467195,101.37790884339844,83.68119476673144,98.13740376493807,91.76862723234609,0.267,0.245
32798,32798,TOI-1235 b,TOI-1235,1,1,1,Published Confirmed,0,3.444717,5739000.0,1.694,5.9,5.9,Mass,,775.0,3997.0,431732.04,0.33,[Fe/H],-1.054,5.3,39.6345,1.212259607049077,1.8639117713059685,238.6595279598743,196.99868215862227,231.0308697916378,216.03776904324627,0.704,0.631
32814,32814,TOI-125 c,TOI-125,1,1,3,Published Confirmed,0,9.15059,12210000.0,2.759,6.63,6.63,Mass,0.066,828.0,5320.0,591890.7,-0.02,[Fe/H],-0.285,6.8,111.059,0.3153132840727491,1.5482352893062008,254.7352566658499,210.26820211824094,246.59274413717145,230.5897318124316,0.549,0.517
32821,32821,TOI-1260 b,TOI-1260,1,1,3,Published Confirmed,0,3.127463,5505000.000000001,2.41,8.56,8.56,Mass,0.0,871.0,4227.0,466549.14,-0.1,[Fe/H],-0.889,6.7,73.5977,0.6108104771464813,1.8822807870656193,267.9589257463007,221.18352322198714,259.3937238240456,242.55997239376325,0.651,0.611
32823,32823,TOI-1260 c,TOI-1260,1,1,3,Published Confirmed,0,7.493134,9855000.0,2.76,13.2,13.2,Mass,0.0,651.0,4227.0,466549.14,-0.1,[Fe/H],-0.889,6.7,73.5977,0.6270909394497397,2.1841802351807025,200.2712347268337,165.31151994107518,193.8696432893507,181.28817702679683,0.522,0.485
32827,32827,TOI-1260 d,TOI-1260,1,1,3,Published Confirmed,0,16.608164,16740000.0,3.12,11.84,11.84,Mass,0.0,499.0,4227.0,466549.14,-0.1,[Fe/H],-0.889,6.7,73.5977,0.3893783148239946,1.9456046808067977,153.66294872397353,126.83926199803867,148.75117286084713,139.09773856803815,0.396,0.367
32843,32843,TOI-1278 b,TOI-1278,1,1,1,Published Confirmed,0,14.47567,14250000.0,12.218,5879.82553,5879.82553,Mass,0.013,,3799.0,396914.93999999994,-0.01,[Fe/H],-1.212,,75.5759,3.2199410300009554,21.909789630668296,138.28957996115045,114.14949673912196,133.86920779846855,125.18156133182983,0.12,0.104
32849,32849,TOI-1296 b,TOI-1296,1,1,1,Published Confirmed,0,3.9443715,7455000.0,13.798,94.71287,94.71287,Mass,0.055,1562.0,5603.0,1155927.72,0.44,[Fe/H],0.39,6.9,323.265,0.03601176570296789,2.6166912151142525,480.80952852494994,396.878533609807,465.44064060121076,435.23516016812613,0.13,0.141
32851,32851,TOI-1298 b,TOI-1298,1,1,1,Published Confirmed,0,4.537164,8850000.0,9.427,113.14691,113.14691,Mass,0.032,1388.0,5889.0,981842.22,0.49,[Fe/H],0.334,1.6,319.036,0.13489815742350966,3.4601158806190617,427.29248460032824,352.7035232245181,413.6342479871208,386.7908224368935,0.22,0.238
32853,32853,TOI-132 b,TOI-132,1,1,1,Published Confirmed,0,2.1097019,3900000.0,3.42,22.4,22.4,Mass,0.059,1395.0,5397.0,626707.8,0.16,[Fe/H],-0.222,6.34,163.678,0.5593112322636175,2.5560362243739303,467.37404006103725,385.7883687034506,452.4346122543553,423.0731778724183,0.433,0.465
32855,32855,TOI-1333 b,TOI-1333,1,2,1,Published Confirmed,0,4.720219,9390000.0,15.648,753.2571,753.2571,Mass,0.073,1679.0,6274.0,1343940.06,0.119,[Fe/H],0.713,2.33,200.492,0.19635888731460838,6.929441719911618,515.9576945662415,425.8911711927952,499.4653093061022,467.05174609047356,0.154,0.166
32864,32864,TOI-1422 b,TOI-1422,1,1,1,Published Confirmed,0,12.9972,16200000.0,3.96,9.0,9.0,Mass,0.04,867.0,5840.0,710268.84,-0.09,[Fe/H],0.048,5.1,155.141,0.14475740614797453,1.505669697339499,267.87944002008214,221.11791267021357,259.31677882787784,242.48802086050657,0.418,0.396
32865,32865,TOI-1431 b,TOI-1431,1,1,1,Published Confirmed,0,2.650237,6900000.0,16.701,991.62463,991.62463,Mass,0.0022,2370.0,7690.0,1336976.64,0.09,[Fe/H],1.068,0.29,148.925,0.21261980624664956,7.695883112210591,738.3671120041583,609.4763919860878,714.7654969825501,668.3796996326176,0.117,0.128
32873,32873,TOI-1452 b,TOI-1452,1,2,1,Published Confirmed,0,11.06201,9150000.0,1.672,4.82,4.82,Mass,0.0,326.0,3185.0,194975.76,-0.07,[M/H],-2.155,,30.5212,1.0299640346313643,1.6957484580006907,100.2850840085116,82.77913544337973,97.07951064710595,90.77938770228342,0.422,0.371
32879,32879,TOI-1478 b,TOI-1478,1,1,1,Published Confirmed,0,10.180249,13545000.0,11.882,270.47333,270.47333,Mass,0.024,918.0,5597.0,731159.1,0.078,[Fe/H],-0.013,9.1,152.892,0.16104218143119145,4.765116228605464,282.85078279402165,233.4758303356963,273.8095685043643,256.0402788412037,0.244,0.23
32889,32889,TOI-157 b,TOI-157,1,1,1,Published Confirmed,0,2.0845435,4707000.0,14.415,375.0394,375.0394,Mass,0.0,1588.0,5404.0,814720.1399999999,0.24,[Fe/H],0.02,12.82,355.683,0.12505953107754728,5.094331152694742,489.0179385166036,403.65406846817353,473.38667198822054,442.66552172606606,0.157,0.17
32891,32891,TOI-1601 b,TOI-1601,1,1,1,Published Confirmed,0,5.331751,10296000.000000002,13.888,314.6517,314.6517,Mass,0.036,1619.0,5948.0,1524988.98,0.329,[Fe/H],0.732,2.64,336.608,0.11732614463507149,4.753913065862703,498.1528539143701,411.1943762462609,482.22959339957043,450.9345682619499,0.157,0.17
32893,32893,TOI-163 b,TOI-163,1,1,1,Published Confirmed,0,4.231306,8700000.0,16.69,387.7526,387.7526,Mass,0.0,1669.0,6495.0,1148964.3,0.22,[Fe/H],0.636,1.823,411.719,0.08330470857368884,4.813990614186648,512.787303218376,423.2742091850533,496.3962582737026,464.18186580686705,0.131,0.142
32907,32907,TOI-169 b,TOI-169,1,1,1,Published Confirmed,0,2.2554477,5286000.0,12.173,251.40353,251.40353,Mass,0.0,1715.0,5880.0,898281.18,0.24,[Fe/H],0.253,4.7,407.84,0.1392074077179498,4.538819613905666,527.6954023064961,435.57992309874044,510.82782582397186,477.6768747646264,0.168,0.182
32913,32913,TOI-1695 b,TOI-1695,1,1,1,Published Confirmed,0,3.1342791,5032200.0,1.9,6.36,6.36,Mass,0.097,698.0,3690.0,362097.84,0.0,[Fe/H],-1.354,,45.1309,0.9261474891844024,1.8272913804147086,214.44599659257202,177.01190932562227,207.59131445381158,194.1193594076999,0.663,0.609
32916,32916,TOI-1696 b,TOI-1696,1,1,1,Published Confirmed,0,2.500311,3435000.0,3.09,48.8,48.8,Mass,,489.0,3185.0,194975.76,0.336,[Fe/H],-2.148,,64.9172,1.652069162022396,3.9690513670735896,164.3363054074312,135.64945792369056,159.08335988583033,148.75940255358287,0.385,0.339
32925,32925,TOI-1728 b,TOI-1728,1,1,1,Published Confirmed,0,3.49151,5865000.0,5.05,26.78,26.78,Mass,0.057,767.0,3980.0,431732.04,0.25,[Fe/H],-1.056,7.1,60.798,0.20769224425805438,2.2999354407448167,235.81036008246792,194.6468702620023,228.27277444750277,213.45866450413038,0.369,0.347
32934,32934,TOI-1759 b,TOI-1759,1,1,1,Published Confirmed,0,18.85019,17655000.0,3.14,10.8,10.8,Mass,0.0,443.0,4065.0,417805.2,0.05,[Fe/H],-1.057,5.0,40.0654,0.34843249612031807,1.852264921049402,135.83541962750374,112.12373914349118,131.49349373694628,122.960022858643,0.359,0.331
32935,32935,TOI-178 b,TOI-178,1,1,6,Published Confirmed,0,1.914558,3910500.0,1.152,1.5,1.5,Mass,,1040.0,4316.0,452622.3,-0.23,[Fe/H],-0.879,7.1,62.699,0.9799810159452014,1.1396603480759493,319.76486630820847,263.9461235921665,309.5437078230241,289.45539667392563,0.901,0.916
32937,32937,TOI-178 c,TOI-178,1,1,6,Published Confirmed,0,3.23845,5550000.0,1.669,4.77,4.77,Mass,,873.0,4316.0,452622.3,-0.23,[Fe/H],-0.879,7.1,62.699,1.0247860617736566,1.6884455874086084,268.41105440710356,221.5567274728532,259.831400369608,242.96924525219606,0.791,0.713
32939,32939,TOI-178 d,TOI-178,1,1,6,Published Confirmed,0,6.5577,8880000.0,2.572,3.01,3.01,Mass,,690.0,4316.0,452622.3,-0.23,[Fe/H],-0.879,7.1,62.699,0.17670036382822754,1.0804478606930241,212.19757027345574,175.15597243685437,205.4147581997693,192.0840540922479,0.462,0.436
32941,32941,TOI-178 e,TOI-178,1,1,6,Published Confirmed,0,9.961881,11745000.0,2.207,3.86,3.86,Mass,,600.0,4316.0,452622.3,-0.23,[Fe/H],-0.879,7.1,62.699,0.3586444760384651,1.3208348950581,184.51019979397984,152.30176023120828,178.61240365395753,167.02107923349652,0.513,0.479
32942,32942,TOI-178 f,TOI-178,1,1,6,Published Confirmed,0,15.231915,15585000.000000002,2.287,7.72,7.72,Mass,,521.0,4316.0,452622.3,-0.23,[Fe/H],-0.879,7.1,62.699,0.6446183251032356,1.8349811873156363,160.17454034797035,132.21417822136317,155.05462401354052,144.9921176418352,0.497,0.459
32944,32944,TOI-178 g,TOI-178,1,1,6,Published Confirmed,0,20.7095,19125000.0,2.87,3.94,3.94,Mass,,470.0,4316.0,452622.3,-0.23,[Fe/H],-0.879,7.1,62.699,0.16646938401132755,1.1702083988001704,144.59263352086174,119.35227768590696,139.97078672427708,130.88716898487544,0.344,0.32
32945,32945,TOI-1789 b,TOI-1789,1,1,1,Published Confirmed,0,3.208664,7323000.0,16.141,222.47988,222.47988,Mass,,1927.0,5991.0,1511062.14,0.373,[Fe/H],0.736,2.73,229.067,0.05284248952167092,3.707969902242885,592.041803079537,488.69389789915493,573.1174191439434,535.9240898990985,0.112,0.122
32953,32953,TOI-1811 b,TOI-1811,1,1,1,Published Confirmed,0,3.7130765,6583500.0,11.142,308.92921,308.92921,Mass,0.052,962.0,4766.0,536183.34,0.306,[Fe/H],-0.56,5.9,128.23,0.22307625879881288,5.259009533553698,296.1204970758588,244.42915890585445,286.65512157582924,268.05220014933343,0.264,0.256
32956,32956,TOI-1842 b,TOI-1842,1,1,1,Published Confirmed,0,9.5739,15015000.0,11.657,68.01528,68.01528,Mass,,,6230.0,1406610.84,0.22,[M/H],0.74,2.49,223.465,0.04288742205305403,2.412492073792467,414.41381183845243,342.0729752479536,401.1672369468647,375.13287709736596,0.161,0.175
32962,32962,TOI-1937 A b,TOI-1937 A,1,2,1,Published Confirmed,0,0.94667944,2898000.0,13.978,638.8351,638.8351,Mass,0.0,2097.0,5814.0,752049.3600000001,0.196,[Fe/H],0.08,3.6,415.135,0.23363478427303008,6.7519297511667915,645.1306849125699,532.5154869544249,624.509335699704,583.9808496281183,0.145,0.158
32990,32990,TOI-2109 b,TOI-2109,1,1,1,Published Confirmed,0,0.67247414,2686500.0,15.098,1595.4986,1595.4986,Mass,,3646.0,6540.0,1183781.4,0.068,[Fe/H],0.673,1.77,262.041,0.4630437271906782,10.267023390936085,942.65650155477,778.1046502604704,912.5248563533428,853.3051636817256,0.113,0.123
32995,32995,TOI-2136 b,TOI-2136,1,1,1,Published Confirmed,0,7.851928,8550000.0,2.19,6.37,6.37,Mass,0.0,395.0,3342.0,236756.28000000003,0.03,[Fe/H],-1.886,4.6,33.3631,0.6057465212529431,1.7033492632234044,121.11943390090809,99.97660292988127,117.24789871998,109.63891746292423,0.417,0.383
32998,32998,TOI-2152 A b,TOI-2152,1,3,1,Published Confirmed,0,3.3773512,7596000.0,14.359,899.45439,899.45439,Mass,0.057,1802.0,6630.0,1121110.62,0.282,[Fe/H],0.653,0.83,303.006,0.30345227668589236,7.904665985811101,554.1845469896407,457.4450740051224,536.4702553908834,501.6551997455275,0.163,0.176
33016,33016,TOI-2193 A b,TOI-2193 A,1,2,1,Published Confirmed,0,2.1225735,4978500.0,19.84,298.7587,298.7587,Mass,0.0,1763.0,5966.0,870427.5,0.027,[Fe/H],0.25,5.5,337.064,0.03821020770389855,3.8756584306724298,542.8097425647182,448.0558763448533,525.4590421262639,491.3585759640682,0.099,0.108
33018,33018,TOI-2196 b,TOI-2196,1,1,1,Published Confirmed,0,1.1947268,3351000.0,3.51,26.0,26.0,Mass,0.0,1860.0,5634.0,724195.68,0.14,[Fe/H],-0.004,4.5,259.947,0.600531564775078,2.718248543529487,571.6229748395587,471.8394178417936,553.3512707369065,517.4406958475364,0.378,0.408
33021,33021,TOI-2202 b,TOI-2202,1,1,2,Published Confirmed,0,11.9101,14346000.0,11.321,310.83618,310.83618,Mass,0.042,,5144.0,550110.18,0.04,[Fe/H],-0.401,7.48,235.933,0.2139740134993615,5.233345828298899,219.82722440718564,181.4537801234747,212.8005334327671,198.9905181739992,0.228,0.213
33026,33026,TOI-2236 b,TOI-2236,1,1,1,Published Confirmed,0,3.5315902,7513500.0,14.37,502.16888,502.16888,Mass,0.0,1688.0,6248.0,1093256.94,0.119,[Fe/H],0.533,2.52,355.59,0.16902982115457119,5.9040844643979105,520.0268220076791,429.24998426994773,503.4043686854805,470.7351742021248,0.158,0.171
33039,33039,TOI-2364 b,TOI-2364,1,1,1,Published Confirmed,0,4.0197517,7306500.000000001,8.608,71.51139,71.51139,Mass,0.0,1091.0,5306.0,619744.38,0.344,[Fe/H],-0.252,3.5,219.614,0.11198304838777627,2.8786742893108257,335.6156432550005,277.02995978509364,324.88782090409205,303.80373012811236,0.257,0.276
33048,33048,TOI-2421 b,TOI-2421,1,1,1,Published Confirmed,0,4.3474032,8145000.0,10.368,105.83686,105.83686,Mass,0.0,1534.0,5607.0,1218598.5,0.19,[Fe/H],0.436,7.5,327.927,0.09484966948994057,3.191001639162462,472.33632402350014,389.88442725790486,457.2382787570128,427.5651031090667,0.185,0.2
33052,33052,TOI-244 b,TOI-244,1,1,1,Published Confirmed,0,7.397225,8385000.0,1.52,2.68,2.68,Mass,,458.0,3433.0,299427.06,-0.39,[Fe/H],-1.643,7.0,22.0337,0.7622332175628312,1.3261774875370151,140.66801407365656,116.11274702194157,136.17161619779623,127.33455142560292,0.551,0.507
33059,33059,TOI-251 b,TOI-251,1,1,1,Published Confirmed,0,4.93777,8611500.0,2.74,317.83,317.83,Mass,0.0,,5875.0,612780.96,-0.106,[Fe/H],-0.08,0.18,99.523,15.43217147455153,10.756679053366323,341.316659672634,281.7357962997258,330.4066065688475,308.9643657778716,0.204,0.204
33067,33067,TOI-2567 b,TOI-2567,1,1,1,Published Confirmed,0,5.983944,10080000.0,10.929,63.88351,63.88351,Mass,0.0,1352.0,5611.0,1176817.98,0.241,[Fe/H],0.405,7.6,504.775,0.04888001526869592,2.414683531766447,417.0773674211355,344.27157567312935,403.74565302044846,377.5439629263058,0.171,0.185
33069,33069,TOI-257 b,TOI-257,1,1,1,Published Confirmed,0,18.38818,22920000.0,7.163,43.86032,43.86032,Mass,0.0,1027.0,6095.0,1302159.54,0.175,[Fe/H],0.636,,76.9028,0.11919849809923644,2.4714081278552293,315.9290656168484,260.7799073187977,305.83051699570757,285.98317903007234,0.297,0.309
33070,33070,TOI-2570 b,TOI-2570,1,1,1,Published Confirmed,0,2.9887615,6217500.0,13.641,260.61929,260.61929,Mass,0.0,1431.0,5771.0,759012.78,0.191,[Fe/H],0.079,4.4,361.857,0.10255380335204312,4.365522414751154,440.18880443723305,363.3486377702634,426.1183420205767,398.46474214271603,0.167,0.181
33073,33073,TOI-2583 A b,TOI-2583 A,1,2,1,Published Confirmed,0,4.5207265,8565000.0,14.46,79.4571,79.4571,Mass,0.0,1456.0,5936.0,1030586.16,0.158,[Fe/H],0.388,4.4,566.189,0.026248934083850206,2.3411986062763153,448.05693740530114,369.84329498763134,433.73497320554515,405.58708042724845,0.124,0.134
33075,33075,TOI-2587 A b,TOI-2587 A,1,2,1,Published Confirmed,0,5.45664,9525000.0,12.072,69.28659,69.28659,Mass,0.0,1445.0,5760.0,1204671.66,0.13,[Fe/H],0.471,6.7,373.675,0.03933646673135982,2.3927153112961546,445.67102280751055,367.8738700267859,431.42532343170996,403.42731889901376,0.149,0.162
33084,33084,TOI-270 b,TOI-270,1,1,3,Published Confirmed,0,3.3601538,4795500.0,1.206,1.58,1.58,Mass,0.034,581.0,3506.0,264609.96,-0.2,[Fe/H],-1.712,,22.4793,0.8997026598826391,1.1431703132480626,178.76394986559882,147.55858625059327,173.04983034987723,161.81949761006743,0.711,0.659
33085,33085,TOI-270 c,TOI-270,1,1,3,Published Confirmed,0,5.6605731,6789000.0,2.355,6.15,6.15,Mass,0.027,488.0,3506.0,264609.96,-0.2,[Fe/H],-1.712,,22.4793,0.47031217583318646,1.613980006116442,150.24290953220768,124.01623113282223,145.44045387992296,136.00187374610746,0.455,0.421
33090,33090,TOI-270 d,TOI-270,1,1,3,Published Confirmed,0,11.379573,10815000.0,2.133,4.78,4.78,Mass,0.032,387.0,3506.0,264609.96,-0.2,[Fe/H],-1.712,,22.4793,0.49197062367946903,1.4951148973720556,119.03745352841983,98.25805687740913,115.23246803319027,107.75428122522995,0.407,0.375
33094,33094,TOI-2796 b,TOI-2796,1,1,1,Published Confirmed,0,4.8084983,8535000.0,17.262,139.8445,139.8445,Mass,0.0,1205.0,5764.0,745085.9400000001,0.239,[Fe/H],0.055,4.0,350.343,0.027155380630217593,2.842714124443168,370.54855750267956,305.86492032314493,358.70411825449526,335.4254672729057,0.126,0.136
33095,33095,TOI-2803 A b,TOI-2803 A,1,2,1,Published Confirmed,0,1.96229325,4777500.000000001,18.114,309.8827,309.8827,Mass,0.0,1893.0,6280.0,870427.5,-0.105,[Fe/H],0.336,3.7,494.818,0.05207605559574074,4.130927112489442,582.2326312236515,480.59703310940415,563.6217936176,527.044697477508,0.105,0.115
33097,33097,TOI-2818 b,TOI-2818,1,1,1,Published Confirmed,0,4.039709,7394999.999999999,15.278,225.65817,225.65817,Mass,0.0,1376.0,5721.0,856500.66,-0.02,[Fe/H],0.164,9.5,312.674,0.06320266420963273,3.8383831694783748,423.8652378113331,349.87454293349066,410.3165517969847,383.68843320238693,0.147,0.159
33099,33099,TOI-2842 b,TOI-2842,1,1,1,Published Confirmed,0,3.5514058,7125000.0,12.845,117.59651,117.59651,Mass,0.0,1471.0,5910.0,877390.92,0.233,[Fe/H],0.246,4.7,460.995,0.055421202945081446,3.021942596921231,452.6937049467141,373.6706598657173,438.2235282918284,409.7843438836121,0.153,0.165
33102,33102,TOI-2977 b,TOI-2977,1,1,1,Published Confirmed,0,2.3505614,5079000.0,13.159,533.95172,533.95172,Mass,0.0,1544.0,5691.0,745085.9400000001,0.013,[Fe/H],0.037,9.8,,0.23405459405879145,6.3620283449668955,475.3984739228782,392.41204264332976,460.202548236355,430.3370017983529,0.184,0.198
33104,33104,TOI-3023 b,TOI-3023,1,1,1,Published Confirmed,0,3.9014971,7575000.000000001,16.432,197.05361,197.05361,Mass,0.0,1596.0,5760.0,1162891.14,0.085,[Fe/H],0.444,7.0,389.916,0.04436055363227552,3.458621468141049,492.0458475629041,406.15342014676077,476.3177951099188,445.40642514115444,0.121,0.131
33106,33106,TOI-3235 b,TOI-3235,1,1,1,Published Confirmed,0,2.59261842,4063500.0,11.4,211.35589,211.35589,Mass,0.029,604.0,3388.8,257646.54,0.264,[Fe/H],-1.79,,72.811,0.14248975574178513,4.300419278853761,185.6721462628792,153.26087518910984,179.73720895989223,168.07288858313578,0.194,0.181
33107,33107,TOI-3331 A b,TOI-3331 A,1,2,1,Published Confirmed,0,2.0180231,4716000.0,12.98,721.47048,721.47048,Mass,0.0,1488.0,5609.0,661524.9,0.148,[Fe/H],-0.093,2.1,217.193,0.32951738275355763,7.446084922347961,457.783348451114,377.871845846411,443.1504833386371,414.3915566662541,0.198,0.212
33112,33112,TOI-3364 b,TOI-3364,1,1,1,Published Confirmed,0,5.8768918,10125000.0,12.229,530.77344,530.77344,Mass,0.0,1264.0,5706.0,988805.6399999999,0.387,[Fe/H],0.286,5.4,277.899,0.28988129210523883,6.579837483472832,388.59693758721284,320.7627420114069,376.17558895128155,351.7631002249103,0.223,0.238
33114,33114,TOI-3540 A b,TOI-3540 A,1,2,1,Published Confirmed,0,3.119999,6433500.0,23.539,375.03752,375.03752,Mass,0.0,1498.0,5810.0,856500.66,0.176,[Fe/H],0.19,6.0,,0.028720667710011607,3.986570079210782,461.28914719710446,380.7656659204605,446.54422060328466,417.56505217373586,0.094,0.102
33118,33118,TOI-3688 A b,TOI-3688 A,1,2,1,Published Confirmed,0,3.246075,6840000.0,13.081,311.47184,311.47184,Mass,0.0,1534.0,5950.0,905244.6,0.262,[Fe/H],0.283,3.3,396.378,0.1389887958441487,4.8735448782807085,471.9748301176257,389.5860363925814,456.888339862,427.2378740325013,0.173,0.186
33119,33119,TOI-3693 b,TOI-3693,1,1,1,Published Confirmed,0,9.088516,12195000.0,12.599,324.18498,324.18498,Mass,0.0,801.0,5321.0,550110.18,0.071,[Fe/H],-0.344,3.0,176.436,0.16190807247670402,5.066224782237447,246.38030434461513,203.37170562865558,238.50485458864662,223.02671819478243,0.22,0.206
33126,33126,TOI-3807 b,TOI-3807,1,1,1,Published Confirmed,0,2.8989727,6315000.0,18.495,330.54154,330.54154,Mass,0.0,1646.0,5772.0,1023622.74,0.278,[Fe/H],0.332,5.6,421.745,0.052185143264969855,4.222230158537365,505.2545256269459,417.05636709347243,489.10426296234147,457.3630956556702,0.114,0.124
33128,33128,TOI-3819 b,TOI-3819,1,1,1,Published Confirmed,0,3.2443141,6916500.0,13.137,352.78953,352.78953,Mass,0.0,1633.0,5859.0,1072366.68,0.273,[Fe/H],0.4,4.5,558.141,0.15542144017249218,5.175660635196909,502.0577772852531,414.41764901718375,486.0096974270806,454.4693566717897,0.168,0.182
33132,33132,TOI-3912 b,TOI-3912,1,1,1,Published Confirmed,0,3.4936264,6945000.0,14.28,129.03833,129.03833,Mass,0.0,1512.0,5725.0,967915.3799999999,0.187,[Fe/H],0.273,7.5,465.992,0.0442606667977646,3.0022808176610942,465.7048540792446,384.41055889421443,450.81878114753107,421.5622085903314,0.135,0.147
33134,33134,TOI-3976 A b,TOI-3976 A,1,2,1,Published Confirmed,0,6.607662,11145000.0,12.274,55.61997,55.61997,Mass,0.0,1295.0,5975.0,1044513.0,0.182,[Fe/H],0.413,3.8,516.087,0.0300438949186589,2.1260739385150793,398.4802977831334,328.92084468821554,385.7430314164803,360.7096489155476,0.149,0.162
33135,33135,TOI-4087 b,TOI-4087,1,1,1,Published Confirmed,0,3.1774835,6703500.0,13.047,232.01474,232.01474,Mass,0.0,1458.0,6060.0,772939.6200000001,0.237,[Fe/H],0.176,0.8,301.676,0.10434398778313984,4.211710441118918,448.2766139332893,370.02462437717963,433.94762785951076,405.78593453302597,0.17,0.184
33141,33141,TOI-4137 b,TOI-4137,1,1,1,Published Confirmed,0,3.8016122,7833000.0,13.574,457.67291,457.67291,Mass,0.0,1570.0,6202.0,1002732.48,0.182,[Fe/H],0.439,2.1,334.993,0.18277446160938865,5.799355467039119,482.4839005049033,398.2606241398343,467.06149193779936,436.7508238845081,0.173,0.187
33144,33144,TOI-4145 A b,TOI-4145 A,1,2,1,Published Confirmed,0,4.0664428,7234500.0,13.305,136.66622,136.66622,Mass,0.0,1074.0,5281.0,598854.12,0.168,[Fe/H],-0.287,4.7,205.387,0.057956264638724594,3.200952282970076,330.5541615945643,272.8520196651265,319.9881275189546,299.222009820018,0.181,0.194
33162,33162,TOI-4463 A b,TOI-4463 A,1,2,1,Published Confirmed,0,2.8807198,6054000.0,13.26,252.35576,252.35576,Mass,0.0,1395.0,5640.0,738122.52,0.25,[Fe/H],0.011,4.1,173.117,0.10811015514814905,4.357033480541148,428.9687756882071,354.0871978594646,415.25695708810304,388.3082233552148,0.174,0.188
33178,33178,TOI-4791 b,TOI-4791,1,1,1,Published Confirmed,0,4.28088,8325000.0,12.442,734.18362,734.18362,Mass,0.0,1472.0,6058.0,981842.22,0.207,[Fe/H],0.38,3.3,328.802,0.3807307381422796,7.672083046724164,452.3814294918168,373.41289578811643,437.9212345993192,409.50166800144785,0.207,0.222
33196,33196,TOI-5205 b,TOI-5205,1,1,1,Published Confirmed,0,1.630757,2985000.0,11.6,343.0,343.0,Mass,0.02,737.0,3430.0,271573.38,1.0,[Fe/H],-1.712,,86.4493,0.21948456947710904,5.4309288559192215,226.58164315517197,187.02913512176545,219.33904983570994,205.10470758002276,0.23,0.215
33201,33201,TOI-530 b,TOI-530,1,1,1,Published Confirmed,0,6.387597,7800000.0,9.303,127.13136,127.13136,Mass,0.0,565.0,3659.0,376024.68000000005,0.376,[Fe/H],-1.31,,148.762,0.15771299201773498,3.6920781423243922,176.6646219293506,145.82572085697188,171.01760660739643,159.9191581276501,0.215,0.2
33202,33202,TOI-532 b,TOI-532,1,1,1,Published Confirmed,0,2.3266508,4440000.0,5.82,61.5,61.5,Mass,0.0,867.0,3927.0,424768.62,0.338,[Fe/H],-1.095,7.1,135.047,0.3115946574429618,3.2466248899979777,265.00581554557044,218.74591336502453,256.5350086321679,239.88677788542637,0.387,0.363
33211,33211,TOI-5542 b,TOI-5542,1,1,1,Published Confirmed,0,75.12375,49800000.0,11.31,419.5335,419.5335,Mass,0.018,441.0,5700.0,738122.52,-0.21,[Fe/H],1.057,10.8,348.849,0.2896427560802663,6.082863464065702,273.1066142776089,225.4326217830187,264.3768685112526,247.2197283043687,0.267,0.25
33220,33220,TOI-561 b,TOI-561,1,1,4,Published Confirmed,0,0.4465688,1590000.0,1.425,2.0,2.0,Mass,0.0,2310.0,5372.0,584927.28,-0.4,[Fe/H],-0.273,11.0,85.799,0.6903498638225222,1.1832148561360638,710.8014867365542,586.7226729243899,688.0809961106818,643.4269301538455,0.491,0.536
33222,33222,TOI-561 c,TOI-561,1,1,4,Published Confirmed,0,10.778831,13260000.000000002,2.91,5.39,5.39,Mass,0.03,800.0,5372.0,584927.28,-0.4,[Fe/H],-0.273,11.0,85.799,0.2184709207957807,1.3592643804473246,246.13599383573634,203.17004241119244,238.26835336932388,222.80556508288626,0.496,0.468
33233,33233,TOI-564 b,TOI-564,1,1,1,Published Confirmed,0,1.651144,4101000.0,11.433,464.98529,464.98529,Mass,0.072,1714.0,5640.0,759012.78,0.143,[Fe/H],0.033,7.3,199.581,0.31077240194010514,6.3693564413902015,527.8396436878313,435.6989854394677,510.9674565861488,477.8074439754757,0.194,0.209
33238,33238,TOI-628 b,TOI-628,1,1,1,Published Confirmed,0,3.4095675,7290000.0,11.882,2011.8639,2011.8639,Mass,0.072,1586.0,6250.0,933098.28,0.258,[Fe/H],0.394,1.28,178.68,1.1978813260392973,12.996026049682865,487.3411968308363,402.2700218925341,471.7635266925345,441.1477129205618,0.202,0.207
33239,33239,TOI-640 b,TOI-640,1,1,1,Published Confirmed,0,5.0037775,9912000.0,19.851,279.6904,279.6904,Mass,0.05,1749.0,6460.0,1448391.36,0.072,[Fe/H],0.834,1.99,341.997,0.035712004927649046,3.7488980802254632,538.4138747601893,444.4273593028631,521.2036865112971,487.37937814356826,0.098,0.107
33242,33242,TOI-674 b,TOI-674,1,1,1,Published Confirmed,0,1.977143,3750000.0,5.25,23.6,23.6,Mass,0.0,635.0,3514.0,292463.64,0.17,[Fe/H],-1.614,,46.0851,0.16289881821665428,2.1175437797266086,213.88545690443644,176.54921847558893,207.04869219686793,193.61195144992766,0.329,0.309
33267,33267,TOI-733 b,TOI-733,1,1,1,Published Confirmed,0,4.884765,9270000.0,1.992,5.72,5.72,Mass,0.046,1056.0,5585.0,661524.9,-0.04,[Fe/H],-0.086,4.4,75.2092,0.7227895540917099,1.6924248582599863,327.83628718409415,270.60858240656756,317.35712889760094,296.76175386796393,0.699,0.743
33272,33272,TOI-776 b,TOI-776,1,1,2,Published Confirmed,0,8.24661,9780000.0,1.85,4.0,4.0,Mass,0.06,514.0,3709.0,376024.68000000005,-0.2,[Fe/H],-1.31,7.8,27.1701,0.6309989651693105,1.4685886915171122,157.77110319185755,130.23028947217864,152.72801178308458,142.8164944614795,0.538,0.498
33275,33275,TOI-776 c,TOI-776,1,1,2,Published Confirmed,0,15.6653,15000000.0,2.02,5.3,5.3,Mass,0.04,415.0,3709.0,376024.68000000005,-0.2,[Fe/H],-1.31,7.8,27.1701,0.6422522023009757,1.6177756648838126,127.3946705853467,105.15642276626214,123.3225499260194,115.31934491165522,0.45,0.414
33280,33280,TOI-824 b,TOI-824,1,1,1,Published Confirmed,0,1.392978,3265500.0,2.926,18.467,18.467,Mass,,1253.0,4600.0,480475.98,-0.092,[Fe/H],-0.71,7.5,63.9262,0.7363041100385865,2.5090947513150925,385.67549503148166,318.3512718371345,373.3475291605559,349.1185716887009,0.536,0.571
33298,33298,TOI-905 b,TOI-905,1,1,1,Published Confirmed,0,3.739494,6999000.0,13.126,211.99261,211.99261,Mass,0.024,1192.0,5570.0,640634.64,0.14,[Fe/H],-0.137,3.4,158.649,0.0936283484912793,4.013748989143121,366.37758269997744,302.4220385472819,354.6664670247933,331.6498455794661,0.188,0.201
33317,33317,TRAPPIST-1 b,TRAPPIST-1,1,1,7,Published Confirmed,0,1.510826,1731000.0,1.116,1.374,1.374,Mass,,,2566.0,83561.04,,,-3.257,,,0.9873655944523843,1.1081978858681525,122.26393120654396,100.92131468252609,118.35581261830839,110.6749315986228,0.574,0.51
33320,33320,TRAPPIST-1 c,TRAPPIST-1,1,1,7,Published Confirmed,0,2.421937,2370000.0,1.097,1.308,1.308,Mass,,,2566.0,83561.04,,,-3.257,,,0.9896273794270891,1.0905776834692316,104.4895157986052,86.24963389342909,101.14954942472497,94.5852951043086,0.516,0.456
33327,33327,TRAPPIST-1 d,TRAPPIST-1,1,1,7,Published Confirmed,0,4.049219,3340500.0000000005,0.788,0.388,0.388,Mass,,,2566.0,83561.04,,,-3.257,,,0.7920213960937001,0.7008237358353779,88.01185034888782,72.64834000672224,85.19858608575504,79.66949386549769,0.404,0.382
33332,33332,TRAPPIST-1 e,TRAPPIST-1,1,1,7,Published Confirmed,0,6.101013,4387500.0,0.92,0.692,0.692,Mass,,,2566.0,83561.04,,,-3.257,,,0.8876187206574949,0.8661940213356816,76.79595137273374,63.39030896805328,74.34119891958382,69.51671340315576,0.397,0.373
33338,33338,TRAPPIST-1 f,TRAPPIST-1,1,1,7,Published Confirmed,0,9.20754,5773500.000000001,1.045,1.039,1.039,Mass,,,2566.0,83561.04,,,-3.257,,,0.9093907179664357,0.9958769414040944,66.94641179824015,55.26012312284092,64.8064960129184,60.60077958745444,0.368,0.333
33341,33341,TRAPPIST-1 g,TRAPPIST-1,1,1,7,Published Confirmed,0,12.352446,7024499.999999999,1.129,1.321,1.321,Mass,,,2566.0,83561.04,,,-3.257,,,0.9168638140518537,1.0803400741016758,60.69308056036207,50.09838487801189,58.75305005443528,54.940181239389496,0.332,0.298
33348,33348,TRAPPIST-1 h,TRAPPIST-1,1,1,7,Published Confirmed,0,18.772866,9283500.0,0.755,0.326,0.326,Mass,,,2566.0,83561.04,,,-3.257,,,0.7565899812375398,0.6562833291240616,52.794784172792774,43.578829623084204,51.10721961183472,47.79053862759448,0.259,0.243
33420,33420,TrES-3 b,TrES-3,1,1,1,Published Confirmed,0,1.30618581,3423000.0,14.975,607.03,607.03,Mass,0.0,,5650.0,577963.86,-0.19,[Fe/H],-0.204,0.9,231.337,0.18054834115202228,6.358837257097474,504.0730051718634,416.08109502038826,487.96050934501164,456.2935676742107,0.159,0.171
33510,33510,WASP-103 b,WASP-103,1,1,1,Published Confirmed,0,0.925542,2977500.0,17.127,473.547,473.547,Mass,,2508.0,6110.0,1002732.48,0.06,[Fe/H],0.413,4.0,375.647,0.09414625245034342,5.251664144331301,770.9407546227501,636.3639196864166,746.2979358957807,697.8657928176998,0.099,0.109
33768,33768,WASP-161 b,WASP-161,1,1,1,Published Confirmed,0,5.4060425,10095000.0,12.812,791.3967,791.3967,Mass,,1557.0,6400.0,1190744.82,0.16,[Fe/H],0.647,,343.08,0.37586101818854695,7.849548926075801,479.0642114408304,395.4378822833772,463.7511118928738,433.6552760028073,0.196,0.211
33772,33772,WASP-163 b,WASP-163,1,1,1,Published Confirmed,0,1.6096884,3990000.0,13.473,594.3421,594.3421,Mass,,1638.0,5500.0,703305.42,-0.34,[Fe/H],-0.076,,261.386,0.2427322077372897,6.633490943976156,502.5860637497685,414.85371682558605,486.52109742204186,454.9475685839026,0.176,0.19
33808,33808,WASP-170 b,WASP-170,1,1,1,Published Confirmed,0,2.34478022,5055000.0,12.285,508.528,508.528,Mass,,1422.0,5600.0,654561.48,0.22,[Fe/H],-0.114,,305.603,0.27395121378958587,6.425780749100562,436.85399304521223,360.5959571834396,422.8901265662196,395.4460266551311,0.206,0.221
33821,33821,WASP-174 b,WASP-174,1,1,1,Published Confirmed,0,4.2337005,8254500.0,16.107,104.88337,104.88337,Mass,0.0,1528.0,6399.0,940061.7000000001,0.06,[Fe/H],0.436,2.2,410.149,0.02506954766880745,2.5486020934498503,469.1929779554852,387.2897894562599,454.1954085127051,424.7197045713684,0.112,0.122
33849,33849,WASP-18 b,WASP-18,1,2,2,Published Confirmed,0,0.94145223,3036000.0,13.899,3241.84975,3241.84975,Mass,0.0051,2429.0,6432.0,919171.4400000001,0.107,[Fe/H],0.428,1.57,123.483,1.2059409948582944,15.253191127833876,770.098018741682,635.6682933294999,745.4821377364863,697.1029371245081,0.134,0.139
33892,33892,WASP-19 b,WASP-19,1,1,1,Published Confirmed,0,0.78883852,2478000.0,15.861,366.77398,366.77398,Mass,0.0126,2113.0,5616.0,703305.42,0.04,[Fe/H],-0.043,6.4,268.325,0.09181014293091751,4.80275048669834,649.9743803562976,536.5136580199124,629.198204319097,588.3654269652686,0.117,0.127
33904,33904,WASP-2 b,WASP-2,1,2,1,Published Confirmed,0,2.152175,4716000.0,12.117,295.89973,295.89973,Mass,,1311.0,5180.0,605817.54,0.12,[Fe/H],-0.313,,153.242,0.1661280954125704,4.935495709961882,403.329503234689,332.92356392443844,390.43723391846294,365.09921398483976,0.204,0.219
34051,34051,WASP-37 b,WASP-37,1,1,1,Published Confirmed,0,3.577469,6690000.0,13.002,572.07,572.07,Mass,0.0,,5800.0,696342.0,,,-0.021,,392.791,0.2599576062595929,6.624842444836873,400.6211108100182,330.68795345881205,387.81541419495295,362.6475412520507,0.208,0.223
34118,34118,WASP-44 b,WASP-44,1,1,1,Published Confirmed,0,2.423804,5179500.0,12.33,276.5121,276.5121,Mass,,1337.0,5420.0,633671.22,-0.003,[Fe/H],-0.198,,364.512,0.1473359581109447,4.729678060542644,411.1998721692164,339.42006679385133,398.05602959810017,372.2235762958573,0.196,0.211
34121,34121,WASP-45 b,WASP-45,1,2,1,Published Confirmed,0,3.126089,5944500.0,10.604,306.38812,306.38812,Mass,,1153.0,5150.0,591890.7,-0.03,[Fe/H],-0.336,,211.196,0.2566531539110463,5.368551821526205,354.51876194375404,292.63331533601286,343.186708820989,320.91508379744755,0.252,0.269
34217,34217,WASP-53 b,WASP-53,1,1,2,Published Confirmed,0,3.3098443,6151500.0,12.038,677.61356,677.61356,Mass,0.03,1053.0,4953.0,557073.6,0.22,[Fe/H],-0.463,,201.338,0.3879742588578827,7.493244832821399,323.93388193200053,267.38738818699056,313.57946249820105,293.22924489263954,0.256,0.271
34303,34303,WASP-64 b,WASP-64,1,2,1,Published Confirmed,0,1.5732918,3972000.0,14.247,403.945,403.945,Mass,0.0,1689.0,5400.0,738122.52,-0.08,[Fe/H],-0.022,1.2,369.926,0.13951978708135068,5.318087204817971,519.6276708553896,428.9205096763487,503.0179762431587,470.3738572868154,0.155,0.167
34389,34389,WASP-77 A b,WASP-77 A,1,2,1,Published Confirmed,0,1.36002854,3502500.0,13.787,529.81995,529.81995,Mass,0.0074,1715.0,5617.0,633671.22,-0.1,[Fe/H],-0.129,6.2,105.166,0.2019309188430338,6.1913494088757774,520.3047823436973,429.4794233388844,503.6734441284214,470.98678758370323,0.166,0.179
34428,34428,WASP-81 b,WASP-81,1,1,1,Published Confirmed,0,2.7164762,5861999.999999999,16.018,231.69807,231.69807,Mass,0.066,1623.0,5870.0,891317.76,-0.36,[Fe/H],0.246,,398.505,0.05630946344716599,3.7985085798087472,499.08438551585783,411.96329797945504,483.1313489589223,451.7778030185884,0.127,0.138
